"V1","V2","V3","V4","V5","V6","V7","V8","V9","V10","V11","V12","V13","V14","V15","V16","V17","V18","V19","V20","V21","V22","V23","V24","V25","V26","V27","V28","V29","V30","V31","V32","V33","V34","V35","V36","V37","V38","V39","V40","V41","V42","V43","V44","V45","V46","V47","V48","V49","V50","V51","V52","V53","V54","V55","V56","V57","V58","V59","V60","V61","V62","V63","V64","V65","V66","V67","V68","V69","V70","V71","V72","V73","V74","V75","V76","V77","V78","V79","V80","V81","V82","V83","V84","V85","V86","V87","V88","V89","V90","V91","V92","V93","V94","V95","V96","V97","V98","V99","V100"
10,0,9,12,0,4,16,1,25,67,0,1,0,0,0,0,0,0,0,0,0,0,0,10,0,7,0,0,0,0,70,5,0,1,1,44,0,14,0,11,0,0,0,0,1,16,11,10,0,1,0,6,0,1,0,38,1,0,0,125,0,0,0,0,0,6,12,0,0,7,1,0,0,41,0,0,1,0,1,3,2,24,0,0,0,0,0,0,0,0,0,0,0,1,0,20,0,0,2,0
0,0,0,0,3,2,0,8,0,0,0,5,1,0,0,0,1,0,1,43,0,0,22,0,0,0,0,1,0,0,0,0,1,0,0,0,0,1,0,0,3,1,21,0,1,1,2,0,8,2,8,0,0,9,0,0,0,0,0,1,4,0,0,0,0,0,0,0,0,1,1,3,6,1,0,0,0,1,0,0,2,0,14,4,0,3,0,2,0,0,7,12,3,0,11,0,0,0,0,0
3,0,4,5,1,4,18,9,2,7,0,5,0,0,0,0,0,0,1,2,0,0,2,0,0,12,0,0,0,0,7,1,0,0,0,2,0,21,0,3,1,0,2,0,1,6,51,2,0,4,6,7,0,1,0,2,7,0,0,4,4,0,0,0,0,1,18,0,0,30,6,7,1,21,0,0,0,0,0,3,5,22,2,2,0,1,0,8,0,0,1,4,1,1,0,8,0,0,1,0
0,1,0,0,1,1,2,1,0,0,0,0,0,0,0,0,0,0,0,20,0,0,9,0,0,0,0,0,0,0,0,0,1,0,0,0,0,0,0,0,0,0,13,0,0,0,0,0,0,2,2,0,0,3,0,0,0,0,0,0,4,0,0,0,0,0,0,0,0,0,0,2,5,0,0,0,0,0,0,0,0,0,8,0,0,2,0,0,0,0,1,0,1,0,3,0,0,0,0,0
2,2,0,0,13,8,3,24,0,2,0,17,0,1,0,0,4,3,8,179,0,1,84,0,9,1,0,5,0,0,0,0,1,1,0,0,0,1,1,0,12,0,83,0,2,0,4,0,24,13,18,5,0,35,0,0,4,0,0,1,17,0,0,0,1,0,1,1,2,6,2,21,20,2,0,0,0,6,2,3,1,1,64,3,0,8,0,8,0,0,29,27,12,0,43,2,5,1,6,0
0,0,0,0,0,0,0,0,0,0,0,0,0,0,0,0,0,1,0,0,0,0,0,0,0,0,0,2,0,0,0,0,1,0,0,0,0,0,2,0,0,0,0,0,0,0,0,0,0,0,0,0,0,0,0,0,0,0,0,0,0,0,0,0,0,0,0,0,1,0,0,0,0,0,0,0,0,0,0,0,0,0,0,0,0,0,0,0,0,0,0,0,0,0,0,0,2,0,0,0
6,0,7,10,0,2,12,1,29,57,0,1,0,0,2,0,0,0,0,1,0,0,0,5,0,11,0,1,0,0,55,7,0,1,1,42,0,19,0,7,0,0,0,0,0,11,7,5,0,0,0,1,0,0,0,20,4,0,1,91,0,0,0,0,0,5,11,0,0,8,1,1,0,22,0,1,0,0,0,0,2,12,0,2,0,0,1,2,0,0,5,0,0,1,0,25,0,0,0,0
8,0,14,9,0,2,9,1,38,79,0,2,0,0,0,0,0,0,0,0,0,0,1,6,0,14,0,0,0,1,58,9,0,4,1,51,0,27,0,10,0,0,1,0,0,10,13,5,0,1,4,8,0,0,0,30,8,0,0,135,1,0,0,0,0,6,25,0,0,4,1,2,0,43,0,1,0,0,0,2,2,19,0,0,0,0,0,4,1,0,1,1,0,0,0,15,0,0,0,0
8,0,11,11,0,0,8,1,57,81,0,2,0,0,2,1,0,0,0,0,0,0,0,6,0,21,1,0,0,0,75,7,0,3,1,68,1,19,0,9,0,0,0,0,0,11,10,12,0,0,3,3,0,2,1,37,6,0,0,176,0,0,0,0,0,0,31,1,0,5,1,2,0,41,0,3,0,1,0,0,1,28,0,2,0,0,0,2,0,0,0,0,1,2,0,10,0,0,1,0
0,2,0,0,0,0,0,0,0,0,0,0,0,0,0,0,0,3,1,0,0,0,0,0,0,0,0,5,1,0,0,0,1,0,0,0,0,0,7,0,1,0,0,0,1,0,0,0,0,1,0,0,0,0,0,0,0,0,0,0,0,0,0,0,0,0,0,0,7,0,0,0,0,0,0,0,0,1,0,0,2,0,0,1,0,0,0,0,1,0,0,0,0,0,0,0,0,0,0,1
5,0,5,7,1,6,32,10,5,10,0,11,0,0,0,0,0,0,0,3,0,0,6,1,0,23,0,0,0,0,7,1,1,6,0,9,0,35,0,3,1,0,4,0,1,12,84,1,0,12,11,19,0,2,1,5,14,0,0,5,5,0,0,0,0,2,33,0,0,39,0,9,1,27,0,1,0,0,1,8,6,55,1,5,0,4,0,8,1,0,10,4,1,0,0,9,0,0,4,2
0,8,0,0,137,0,0,3,0,0,0,14,4,0,0,0,1,4,9,8,1,1,7,0,2,3,0,10,1,0,1,0,16,0,0,0,2,0,11,0,38,1,9,2,7,0,2,0,8,27,1,3,0,35,1,1,0,2,0,0,21,1,0,3,1,1,3,1,2,1,11,0,18,0,0,0,3,42,18,13,3,1,3,25,0,72,4,0,13,0,1,17,106,1,7,1,2,1,11,3
0,17,0,0,13,0,0,0,0,0,0,2,19,4,0,0,9,48,18,1,2,8,1,0,5,0,0,65,13,0,0,0,73,0,0,0,0,0,102,0,20,2,3,3,4,0,1,0,6,1,0,0,0,3,0,0,1,1,0,0,2,0,0,1,0,0,0,1,217,0,3,0,7,0,0,0,5,28,7,0,0,0,2,1,0,8,7,0,4,1,1,2,14,0,0,0,36,1,3,5
0,11,0,0,5,0,0,0,0,0,0,1,14,1,0,0,10,28,13,1,2,3,0,0,6,1,0,42,2,0,0,0,46,0,0,0,0,0,75,0,10,1,1,5,2,0,0,0,2,0,0,0,0,2,0,0,0,0,0,0,3,0,0,0,0,0,1,0,138,0,4,0,3,0,0,0,1,18,7,0,0,0,0,1,0,5,7,0,5,0,0,0,7,0,0,0,18,2,3,2
0,1,0,0,4,4,1,16,0,0,0,14,1,0,0,0,2,1,4,120,0,0,54,0,3,2,0,0,0,0,0,0,2,4,1,0,0,1,1,0,3,0,59,0,2,0,1,0,17,9,10,2,0,18,0,1,1,0,0,0,7,0,0,0,0,0,4,1,1,3,4,15,13,0,0,0,0,4,1,6,1,1,29,2,0,6,0,3,1,0,15,18,5,0,25,3,1,0,6,0
5,0,4,2,0,1,5,1,21,31,0,1,0,0,1,0,0,0,0,0,0,0,0,6,0,8,0,0,0,1,39,4,0,1,1,36,0,4,0,2,0,0,0,0,0,6,3,2,0,0,0,2,0,0,0,18,4,1,0,64,1,0,0,0,0,1,5,0,0,7,0,0,0,21,0,0,0,0,0,0,0,8,0,0,0,0,0,1,0,0,2,0,0,1,0,7,0,0,0,0
1,3,0,0,44,0,0,1,0,1,0,6,1,0,0,0,0,0,1,0,1,2,2,0,0,0,0,6,0,0,0,0,7,0,0,0,0,0,3,0,23,0,4,2,6,0,0,1,3,16,2,2,0,17,0,0,0,0,0,0,9,0,0,1,1,0,0,0,3,0,5,1,5,0,1,0,0,22,4,6,0,1,1,6,0,30,0,0,2,0,1,10,40,0,3,0,0,1,12,1
0,1,0,0,8,4,1,10,0,0,0,15,1,0,0,0,4,1,5,94,0,0,54,0,6,0,0,2,0,0,0,0,2,1,0,0,0,0,0,0,5,0,47,0,1,1,4,0,18,10,16,2,0,21,0,0,1,0,0,0,14,0,0,0,0,0,2,0,0,4,2,15,16,0,0,0,1,5,0,1,1,1,32,5,0,14,0,5,1,0,16,19,12,0,23,2,0,0,6,0
12,0,12,10,0,6,11,0,39,97,2,0,0,0,1,1,0,0,0,1,0,0,1,8,0,15,0,0,0,2,60,12,0,4,2,65,0,20,1,11,0,0,0,0,1,17,9,6,0,1,1,8,0,0,2,41,7,0,2,150,0,0,0,0,0,5,15,1,0,11,0,2,0,50,0,0,0,0,0,1,3,21,0,1,0,0,0,3,1,0,2,2,0,0,0,22,0,0,0,0
0,18,0,0,12,0,0,2,0,0,0,1,12,0,0,0,4,41,11,1,0,5,1,0,3,0,0,30,9,0,0,0,58,0,1,0,0,0,84,0,9,1,0,5,2,0,0,0,0,3,0,0,0,3,1,0,0,0,0,0,2,0,0,0,1,0,0,0,183,0,2,0,5,0,0,0,3,23,4,1,1,0,1,1,0,10,9,0,11,0,0,0,4,0,3,1,21,1,2,6
0,0,3,3,0,1,0,2,4,14,0,0,1,0,0,0,0,0,0,0,0,0,0,1,0,1,0,0,0,0,11,1,0,0,0,12,0,5,0,3,0,0,0,0,0,1,1,0,0,0,0,2,0,0,0,5,0,0,0,29,0,0,0,0,0,1,1,0,0,2,0,0,0,10,0,0,0,0,0,0,0,4,0,0,0,0,0,1,0,0,0,0,0,0,0,4,0,0,0,0
3,0,14,8,0,2,5,1,33,62,0,1,0,0,0,0,0,0,0,1,0,0,0,11,0,14,1,0,0,2,41,3,0,0,2,41,0,13,0,10,0,0,0,0,0,9,6,4,0,1,1,2,0,0,0,19,5,0,1,92,0,0,0,0,0,5,12,0,0,8,2,0,0,22,0,0,0,0,0,1,4,9,1,0,0,0,0,0,0,0,2,2,0,0,0,16,0,0,0,0
0,2,0,1,12,2,6,21,0,2,0,11,1,0,0,0,1,0,3,119,0,0,45,0,5,3,0,2,0,0,0,0,0,1,0,0,0,1,1,0,5,0,49,0,4,1,6,1,29,13,8,4,0,36,0,0,0,0,0,1,15,0,0,1,0,0,1,1,1,0,1,15,15,0,0,0,0,7,3,4,2,3,38,3,0,10,0,10,1,0,18,17,6,0,33,1,3,1,4,0
0,4,0,1,67,0,0,5,1,0,1,2,2,0,0,0,1,2,10,2,0,1,2,0,2,1,0,8,1,0,1,0,8,0,1,0,0,0,2,0,22,0,6,2,12,0,1,1,6,10,0,5,0,18,0,1,0,1,0,0,20,1,0,1,3,0,1,0,1,0,12,1,9,1,1,0,2,33,7,7,2,2,2,13,0,39,2,0,9,0,1,6,65,0,6,0,0,1,15,2
0,1,0,0,0,1,0,0,0,0,0,3,0,0,0,0,0,1,0,15,0,0,13,0,0,0,0,0,0,0,0,0,0,0,0,0,0,0,0,0,0,0,10,0,0,0,0,0,1,1,2,0,0,3,0,0,0,0,0,0,0,0,0,0,0,0,0,0,0,0,1,0,2,0,0,0,0,0,0,0,0,0,10,1,0,0,0,0,0,0,3,0,1,0,7,0,0,0,2,0
0,5,1,0,12,3,2,16,0,1,0,17,0,0,0,0,2,1,2,115,0,0,47,0,6,1,0,6,0,0,1,1,1,2,0,0,0,1,1,0,12,0,43,0,0,0,5,0,11,8,11,4,0,33,0,1,0,1,0,0,21,0,0,0,0,0,2,0,0,3,1,10,19,1,0,0,0,3,1,2,1,1,32,5,0,13,0,7,0,0,17,16,4,0,24,0,1,0,0,0
0,0,0,0,4,0,0,0,0,0,0,0,0,0,0,0,0,0,0,0,0,0,1,0,0,0,0,0,0,0,0,0,3,1,0,0,0,0,0,0,1,0,0,1,0,0,0,0,0,1,0,0,0,0,0,0,0,0,0,0,1,0,0,0,0,0,0,0,0,0,0,0,1,0,0,1,0,0,1,1,0,0,0,1,0,2,0,0,0,0,0,0,7,0,0,0,1,0,0,0
0,0,0,0,67,0,0,0,0,0,0,3,0,0,0,0,1,2,5,3,0,1,3,0,4,0,0,5,1,0,0,0,14,1,1,0,0,1,5,1,23,0,4,1,8,0,1,0,3,12,0,2,0,12,0,0,0,1,0,0,12,0,0,0,0,0,0,1,4,1,7,0,1,0,0,0,5,27,8,1,2,0,2,12,0,46,4,0,9,0,2,11,57,1,3,2,0,3,9,0
3,0,3,4,0,5,4,0,14,47,0,1,0,0,0,1,0,0,0,1,0,0,0,4,0,3,0,0,0,0,22,3,0,2,0,25,0,8,0,4,0,0,0,0,0,7,9,3,0,1,1,1,0,1,0,16,1,0,1,51,2,0,0,0,0,3,11,0,0,2,0,0,0,12,0,0,0,0,0,1,1,7,0,0,0,0,0,1,0,0,0,1,0,0,0,10,0,0,0,0
0,0,4,8,0,6,30,11,8,10,0,13,0,0,0,0,1,0,0,2,0,0,7,1,0,19,0,0,0,0,13,2,0,2,2,6,1,38,0,0,1,0,1,0,0,13,103,3,0,2,3,15,0,2,0,0,7,0,1,11,4,1,0,0,1,1,34,0,0,37,1,5,0,24,0,0,0,1,0,11,5,57,3,1,0,1,1,3,0,0,9,4,2,0,2,14,0,0,2,0
5,0,9,7,0,2,4,2,27,46,0,2,0,0,1,0,0,0,0,1,0,0,0,5,0,9,0,0,0,0,33,5,0,1,1,36,0,10,0,6,0,0,0,0,0,10,3,0,0,1,1,2,0,0,0,13,4,0,0,68,0,0,0,0,0,2,10,0,0,9,0,3,0,21,0,1,0,0,0,1,0,10,0,0,0,0,0,0,0,0,0,0,0,0,0,9,0,0,0,0
3,0,6,5,0,2,7,0,27,39,0,1,0,0,1,0,0,0,0,0,0,0,2,2,0,10,0,0,0,0,31,1,0,0,0,39,0,14,0,5,0,0,0,0,0,6,5,1,0,1,1,3,0,0,2,13,2,0,0,69,0,0,0,0,0,2,9,0,0,2,0,0,0,24,0,0,0,0,0,0,2,13,0,0,0,0,0,3,0,0,0,0,0,1,0,10,0,0,0,0
0,9,0,1,131,0,0,1,1,0,0,13,8,0,0,2,3,1,6,5,1,2,5,0,1,2,0,7,0,0,0,0,15,0,1,0,0,1,6,0,51,0,6,6,17,2,3,0,11,32,1,4,0,34,1,0,2,1,0,0,23,1,0,1,2,0,3,1,5,1,14,1,12,1,0,0,4,38,20,15,6,0,1,22,0,73,3,0,13,0,1,13,117,2,4,0,7,1,26,2
0,9,0,0,101,0,2,1,0,1,0,13,6,1,0,0,2,2,10,7,2,3,3,0,7,0,0,7,0,1,0,1,23,0,1,0,0,1,8,1,45,0,13,3,17,0,1,0,3,17,3,3,0,26,1,0,0,0,0,0,18,1,0,0,0,0,0,2,2,0,14,2,7,0,0,1,2,42,17,8,3,1,1,29,0,66,4,0,12,0,1,15,99,1,6,1,1,1,24,1
1,0,4,4,4,5,21,10,6,10,0,10,0,0,0,0,0,1,0,3,0,1,3,2,0,13,0,0,0,0,6,5,0,4,2,7,0,30,0,5,1,0,2,0,0,7,81,1,0,9,6,12,0,2,0,4,6,0,0,7,8,0,0,0,0,0,28,0,0,26,1,5,0,24,0,1,0,1,0,5,8,40,0,3,0,3,1,3,0,0,9,8,2,0,2,10,0,0,3,0
0,1,0,0,20,0,0,1,0,0,0,1,1,0,0,0,0,0,1,2,0,0,0,0,1,0,0,0,0,0,0,0,1,0,0,0,1,0,1,0,7,0,0,0,0,0,0,0,1,2,0,0,0,9,0,0,0,0,0,0,2,0,0,0,0,0,0,0,2,0,0,0,4,0,0,0,0,5,2,0,1,0,0,4,0,9,0,0,1,0,1,1,10,0,1,0,0,1,2,0
0,12,0,0,7,0,0,2,0,0,0,0,12,0,0,0,2,32,4,1,3,5,0,0,3,0,0,35,1,0,0,0,31,0,1,0,0,0,53,0,9,0,0,2,4,0,0,0,0,0,0,0,1,1,0,0,0,0,0,0,1,0,0,0,1,0,0,0,128,0,0,0,3,0,1,0,2,11,8,0,0,0,0,1,0,3,3,0,4,0,0,0,4,0,3,0,10,0,1,4
1,0,1,0,0,0,1,0,0,6,0,0,0,0,0,0,0,0,0,0,0,0,0,1,0,1,0,0,0,0,7,0,0,0,1,4,0,1,0,0,0,0,0,0,0,0,0,0,0,0,0,0,0,0,0,1,0,0,0,9,0,0,0,0,0,0,1,0,0,1,0,0,0,7,0,0,0,0,0,0,0,1,0,0,0,0,0,0,0,0,0,0,0,0,0,2,0,0,0,0
0,9,0,2,108,1,0,2,0,1,1,5,1,1,0,0,3,1,4,4,1,1,1,0,6,2,0,5,3,2,0,0,9,0,1,0,0,2,3,0,30,0,15,5,11,0,0,0,7,28,0,7,0,29,3,0,0,3,0,0,24,0,0,1,1,0,1,3,4,2,15,0,15,0,0,1,3,28,14,14,2,2,2,16,0,58,3,1,5,0,2,16,101,1,2,1,2,2,22,1
0,2,0,0,1,0,0,0,0,0,0,0,3,1,0,0,0,4,2,0,0,0,0,0,3,0,0,7,1,0,0,0,6,0,0,0,0,0,7,0,1,0,0,0,0,0,0,0,1,0,0,0,0,0,0,0,0,0,0,0,1,0,0,0,0,0,0,0,23,0,0,0,0,0,0,0,1,3,1,0,0,0,0,0,0,2,0,0,0,0,0,0,1,0,1,0,2,0,0,1
8,0,6,11,1,4,6,0,27,51,0,3,0,0,0,0,0,0,0,0,0,0,1,10,0,17,0,0,1,1,51,6,0,2,0,44,0,14,0,6,0,0,0,0,1,11,8,3,0,0,2,9,0,0,0,23,7,0,1,109,0,0,0,1,1,9,18,0,0,5,1,0,0,27,0,0,0,0,0,0,4,16,0,1,0,0,0,2,0,0,2,0,0,0,0,11,0,0,1,0
0,4,0,0,1,0,0,0,0,0,0,0,8,0,0,0,4,17,6,1,2,1,0,0,3,0,0,17,5,0,0,0,16,1,0,0,0,0,31,0,6,0,1,3,0,0,0,0,0,1,0,0,0,1,0,0,0,2,0,0,1,0,0,0,0,0,0,0,50,0,0,0,3,0,0,0,0,8,0,1,0,0,0,0,0,3,0,0,2,0,0,0,3,0,0,0,2,0,0,2
14,0,13,9,0,2,18,3,47,109,0,3,0,0,0,0,0,0,0,1,0,0,1,9,0,20,0,0,0,0,73,11,0,4,0,69,0,26,0,14,0,0,0,0,2,14,17,11,0,1,2,10,0,0,1,40,11,0,0,153,2,0,0,1,0,6,25,0,0,12,1,1,0,57,0,1,0,0,0,3,3,19,0,0,0,1,0,2,1,0,2,0,0,2,0,23,0,0,0,0
0,3,0,1,96,0,1,0,0,0,0,16,2,0,0,1,2,4,6,6,0,2,4,0,2,2,0,4,1,0,0,1,8,0,1,0,1,0,7,0,29,1,8,5,7,2,0,0,4,17,1,4,0,23,0,1,0,0,0,0,9,2,0,0,2,0,0,2,6,1,11,2,9,0,0,0,3,28,6,8,4,1,2,9,0,48,1,0,9,0,1,9,75,2,5,0,3,1,11,1
0,0,2,5,1,9,34,13,7,18,0,9,0,0,0,0,0,0,0,6,0,0,2,2,0,23,0,0,0,0,17,0,0,1,0,6,1,41,0,1,1,0,0,0,3,5,95,2,0,6,7,14,0,4,2,4,14,0,0,1,5,0,0,0,0,1,35,0,0,38,2,7,1,21,0,0,0,0,0,8,5,48,0,2,0,1,0,6,0,0,9,8,2,1,0,18,0,0,1,0
0,5,0,0,128,0,1,2,0,0,0,14,5,1,0,1,5,1,13,7,2,1,2,0,5,1,1,7,4,0,0,0,8,0,2,0,0,1,7,0,58,2,13,4,10,2,3,0,14,29,3,9,0,35,1,0,0,1,0,1,24,1,0,1,1,0,1,0,5,2,12,1,13,0,0,2,3,40,16,12,4,0,0,21,0,62,6,4,13,1,0,22,104,1,10,0,3,2,29,2
0,9,0,0,1,0,0,0,0,0,0,0,1,0,0,0,4,11,4,0,2,4,0,0,0,0,0,10,0,0,0,0,13,0,0,0,0,0,14,0,1,0,0,0,2,0,0,0,0,1,0,0,1,0,0,0,0,0,0,0,0,1,0,0,0,0,0,0,32,0,0,0,1,0,0,0,0,6,2,0,0,0,2,0,0,1,3,0,0,0,0,0,2,0,0,0,4,0,0,1
0,0,1,2,1,4,12,6,2,6,0,5,0,0,0,0,0,0,0,2,0,0,2,2,0,9,1,0,0,0,3,2,0,1,1,1,0,16,0,1,1,0,1,0,0,9,55,0,0,5,3,6,0,6,0,2,2,0,0,6,2,0,0,0,0,3,12,0,0,25,0,2,0,17,0,1,0,0,0,7,1,22,0,3,0,0,0,5,0,0,4,6,0,0,0,7,0,0,3,0
0,2,0,0,9,3,1,18,0,0,0,12,0,0,0,0,1,0,7,106,0,0,68,0,5,0,0,2,0,0,1,0,1,0,0,0,0,1,1,0,11,0,64,1,1,2,4,1,24,13,15,3,0,32,0,1,6,0,0,1,24,0,0,0,1,0,1,1,0,4,3,18,18,1,0,0,0,4,0,7,4,1,51,4,0,12,0,6,0,0,23,25,6,0,23,1,0,0,4,0
8,0,8,7,0,2,14,1,32,68,0,0,0,0,1,0,0,0,0,1,0,0,1,7,0,16,0,0,0,0,56,7,0,1,1,55,0,18,0,8,0,0,0,0,0,6,15,5,0,1,1,1,0,0,1,25,7,0,0,123,1,0,0,0,1,4,17,0,0,11,0,2,0,33,0,2,1,0,0,0,5,10,0,0,0,0,0,4,0,0,2,1,0,1,0,19,0,0,1,0
6,0,9,7,0,2,6,1,22,54,0,0,0,0,1,0,0,0,0,0,0,0,1,9,0,11,0,0,0,0,41,7,0,5,0,55,0,17,0,5,0,0,0,0,0,4,9,2,0,1,1,6,0,0,1,16,5,0,1,111,3,0,0,0,0,2,14,0,0,5,0,0,0,25,0,2,0,0,0,0,0,13,0,0,0,0,0,0,0,0,1,1,0,1,0,19,0,0,1,0
3,0,3,6,1,1,7,1,18,44,1,0,0,0,0,0,0,0,0,1,0,0,0,1,0,7,0,0,0,0,22,5,0,1,2,36,0,12,0,6,0,0,0,0,0,5,8,9,0,1,0,1,0,1,0,16,4,0,0,74,1,0,0,0,0,3,14,0,0,3,0,0,0,15,0,0,0,0,0,1,2,8,0,0,0,0,0,1,0,0,0,0,0,0,0,13,0,0,0,0
0,1,0,1,12,0,0,0,0,0,0,0,1,0,0,0,0,0,0,0,1,0,0,0,0,0,0,1,0,0,0,0,0,0,0,0,0,0,0,0,5,0,0,0,0,0,0,0,1,3,0,0,0,1,0,0,0,0,0,0,0,0,0,0,1,0,0,0,2,0,1,0,0,0,0,0,0,5,0,0,1,0,0,2,0,4,0,0,0,0,1,0,17,1,1,1,0,0,1,0
0,13,0,1,132,1,1,0,0,0,0,20,3,1,0,2,1,5,15,5,0,5,3,0,5,1,0,12,3,0,1,2,19,0,1,0,0,0,5,0,44,1,9,3,18,1,4,0,5,29,1,4,1,35,1,0,0,0,0,1,25,3,0,4,1,0,4,6,8,3,23,1,16,1,0,0,3,43,10,11,5,3,2,19,0,63,5,1,12,0,2,21,146,1,5,1,5,0,28,3
0,0,0,0,0,0,0,2,0,0,0,0,0,0,0,0,0,0,0,7,0,0,2,0,0,0,0,0,0,0,0,0,0,0,0,0,0,0,0,0,0,0,0,0,0,0,0,0,2,1,0,0,0,0,0,0,0,0,0,0,0,0,0,0,0,0,0,0,0,0,0,1,1,0,0,0,0,0,0,1,0,1,0,0,0,1,0,0,0,0,0,0,0,0,0,0,0,0,0,0
9,0,10,10,0,1,10,1,26,45,0,0,0,0,0,0,0,0,0,0,0,0,0,5,0,4,0,0,0,0,32,4,0,2,1,41,0,12,0,5,0,0,0,0,0,10,10,0,0,0,1,3,0,0,0,12,2,0,2,64,3,0,0,0,1,2,14,0,0,7,0,0,0,24,0,0,0,0,0,3,3,11,0,0,0,0,0,0,0,0,0,0,0,0,0,17,0,1,0,0
0,1,0,0,16,0,0,1,1,0,0,0,1,0,0,0,0,1,1,2,0,0,2,0,1,0,0,1,0,0,0,0,0,0,0,0,0,0,0,0,11,0,0,2,1,0,1,0,2,5,0,0,0,5,0,0,0,0,0,0,2,0,0,0,0,0,0,2,1,0,2,0,1,0,0,0,0,11,2,1,1,1,1,3,0,10,1,0,0,0,1,2,23,0,4,0,1,0,5,0
0,1,0,0,46,0,0,2,0,0,0,9,0,0,0,0,0,0,5,2,0,1,0,0,2,2,0,3,1,0,0,0,7,0,0,0,0,0,1,0,29,0,3,4,6,2,1,0,1,9,0,0,0,15,0,0,1,0,0,0,6,1,0,1,0,0,1,1,2,0,4,0,2,1,0,0,2,12,6,7,3,0,1,9,0,24,2,0,5,0,0,5,40,1,4,0,0,2,11,0
1,1,0,0,1,0,12,2,3,4,0,3,0,0,0,1,0,0,0,1,0,0,2,0,0,8,0,0,0,0,4,0,0,0,0,2,0,14,0,0,0,0,1,0,0,5,35,0,0,0,3,3,1,2,0,3,4,0,0,1,2,0,0,0,0,0,8,0,0,21,2,4,0,9,0,0,0,0,0,1,2,24,0,2,0,1,0,3,0,0,3,3,2,0,0,3,0,0,2,0
0,1,0,0,1,0,0,0,0,0,0,0,3,0,0,0,2,4,2,0,0,0,0,0,1,0,0,3,1,0,0,0,6,0,1,0,0,0,14,0,2,0,0,0,0,0,0,0,0,2,0,0,0,1,0,0,0,0,0,0,0,0,0,1,0,0,0,0,29,1,1,0,0,0,0,0,0,1,0,0,0,0,0,0,0,1,2,0,2,1,0,0,1,0,0,0,1,0,1,1
0,3,0,0,79,0,0,0,0,0,1,10,4,0,0,0,2,3,5,0,0,1,2,0,1,2,0,3,1,0,0,0,13,0,0,0,0,1,7,0,25,0,3,4,11,0,1,0,4,12,1,2,0,22,0,0,0,2,0,0,8,3,0,2,1,0,1,1,3,1,11,0,8,0,0,0,2,24,6,7,2,1,1,12,0,28,2,0,4,0,0,13,52,0,4,0,1,2,19,3
0,9,0,0,4,0,0,0,0,0,0,0,14,2,0,0,7,44,13,1,0,1,1,0,13,0,0,31,5,0,0,0,45,0,0,0,0,0,63,0,10,1,2,6,2,0,0,0,5,2,0,1,0,1,0,0,0,0,0,0,3,0,1,0,1,0,0,1,146,1,0,0,2,0,1,0,2,19,1,0,0,0,0,3,0,7,6,0,3,1,0,3,9,0,1,0,16,1,0,4
0,7,0,0,131,0,1,3,0,0,2,10,7,2,0,0,4,2,19,4,1,2,4,0,4,0,0,6,5,0,1,0,11,0,0,0,0,0,6,0,54,1,12,5,9,0,1,0,2,22,0,1,0,27,0,0,0,0,0,0,15,1,0,1,1,0,1,2,4,2,13,0,6,0,1,1,4,23,7,6,3,3,5,20,0,60,3,2,8,0,2,14,108,1,14,2,2,1,16,3
0,15,0,0,7,0,0,0,0,0,1,0,21,0,0,0,4,29,11,1,1,11,0,0,4,0,0,42,3,0,0,0,41,0,0,0,0,0,80,0,13,1,0,2,3,0,0,0,6,0,0,0,0,4,0,1,0,1,0,0,3,0,0,1,1,0,0,0,168,0,1,0,5,0,0,0,1,14,4,0,2,0,0,2,0,4,8,0,3,0,0,1,10,1,4,0,18,3,1,7
0,0,3,7,0,0,4,1,23,29,0,0,0,0,1,0,0,0,0,0,0,0,0,3,0,6,0,0,0,0,30,4,0,1,2,35,0,8,0,8,0,0,0,0,0,5,5,3,1,0,0,4,0,0,1,11,3,0,1,70,0,0,0,0,0,2,7,0,0,2,0,1,0,10,0,0,0,0,0,0,1,8,0,1,0,0,0,2,0,0,0,0,0,0,0,12,0,0,0,0
0,0,3,3,1,6,16,7,1,11,0,10,0,0,0,1,0,0,0,2,0,0,6,0,0,13,0,0,0,0,6,1,0,2,3,5,0,29,0,1,0,0,1,0,1,10,74,0,1,2,4,12,0,2,0,3,2,0,0,7,4,0,0,0,0,2,22,0,0,25,1,6,0,25,0,1,0,0,0,3,6,35,2,3,0,1,0,3,0,0,4,4,2,0,0,12,0,0,1,0
2,0,3,6,0,0,3,1,20,29,0,1,0,0,0,0,0,0,0,0,0,0,0,3,0,8,0,0,0,0,24,2,0,1,0,35,0,11,0,2,1,0,0,0,0,3,1,3,0,0,2,0,1,0,0,10,3,0,0,48,0,0,0,1,0,0,3,0,0,3,0,0,0,16,0,0,0,0,0,2,0,10,0,1,0,0,0,2,1,0,1,1,0,1,0,4,0,0,0,0
0,0,0,0,13,0,0,0,0,0,0,2,0,0,0,0,1,1,0,0,0,0,0,0,1,0,0,1,0,0,0,0,5,0,0,0,0,0,2,0,3,0,1,0,2,0,0,0,1,2,0,0,0,5,1,0,0,0,0,0,2,0,0,0,0,0,0,0,1,0,1,0,0,0,0,0,0,2,2,0,1,0,0,3,0,5,0,0,0,0,0,2,14,0,0,1,1,0,0,0
0,1,0,0,53,0,1,0,0,0,0,2,2,0,0,1,1,2,12,2,0,0,1,0,2,1,0,5,0,0,0,0,4,0,1,0,1,0,1,0,16,0,3,4,4,3,0,0,0,8,1,3,1,20,0,0,0,0,1,0,14,0,0,0,1,0,0,1,2,0,5,0,5,0,0,0,0,11,7,6,2,2,0,9,0,37,2,0,3,0,0,10,58,1,4,1,0,2,11,2
0,1,2,0,54,0,0,0,0,0,2,9,5,2,0,0,3,3,2,2,0,0,1,0,4,1,0,2,0,0,0,0,8,1,0,1,0,1,3,0,10,1,3,5,10,0,1,0,2,14,0,3,0,7,0,1,0,0,0,1,15,0,0,1,1,0,0,1,5,0,3,0,3,0,1,0,1,23,5,8,2,0,2,13,0,33,2,0,5,0,1,6,68,2,4,1,2,1,12,0
1,0,0,1,1,1,7,5,3,8,0,4,0,0,0,0,0,0,0,2,0,0,0,0,0,6,0,0,0,0,1,0,0,1,0,4,0,15,0,0,0,0,1,0,0,4,48,1,0,2,3,3,0,3,1,0,5,0,0,4,2,0,0,0,0,0,15,0,0,28,0,4,0,12,0,1,0,0,0,1,4,25,1,3,0,0,0,1,0,0,1,5,0,0,0,7,0,0,0,0
0,1,0,0,6,2,0,8,0,0,0,7,0,0,0,0,1,0,5,48,0,0,26,0,1,0,0,1,1,0,1,0,0,0,0,0,0,2,0,0,2,0,23,0,0,0,0,0,8,9,4,3,0,11,0,0,0,0,0,0,9,0,0,0,0,1,0,0,0,3,0,7,6,1,0,1,0,1,0,1,0,3,17,2,0,7,0,3,0,0,7,15,0,0,9,1,0,0,1,0
1,0,1,1,0,7,14,7,3,8,0,9,0,0,0,0,0,0,0,6,0,0,2,0,0,7,0,0,0,0,9,0,0,3,0,4,0,31,0,1,0,0,0,0,1,3,52,1,0,3,5,14,0,1,0,3,4,0,0,4,5,0,0,0,0,0,11,0,0,20,1,5,0,17,0,1,1,0,1,7,6,29,1,1,0,2,0,1,0,0,3,6,0,1,1,6,0,0,1,0
3,0,1,1,0,0,1,1,4,15,0,0,0,0,0,0,0,0,0,0,0,0,0,1,0,1,0,0,0,1,17,2,0,0,1,13,0,7,0,3,0,0,0,0,0,1,5,2,0,1,0,1,0,0,1,6,1,0,0,31,0,0,0,0,0,0,4,0,0,0,0,0,0,9,0,0,0,0,0,0,0,7,0,0,0,0,0,0,0,0,0,0,0,0,0,3,0,0,0,0
0,7,0,0,15,0,0,0,0,0,0,0,13,1,0,0,8,23,7,0,0,3,0,0,5,0,0,18,5,0,0,0,24,0,0,0,0,0,54,0,3,0,4,1,1,0,0,0,4,0,0,0,0,4,1,0,0,0,0,0,0,1,0,0,1,0,0,1,103,0,2,0,7,0,1,0,1,9,2,1,0,0,0,1,1,5,3,0,0,0,0,1,4,0,1,0,13,1,2,2
0,8,0,0,115,3,3,0,1,0,0,17,2,3,0,0,1,6,14,9,2,3,3,0,2,1,0,11,4,0,0,0,23,0,1,0,0,0,11,0,41,0,18,1,15,4,2,0,6,29,0,7,1,36,0,0,0,0,1,0,17,1,1,1,1,0,2,1,5,0,15,1,14,0,0,0,4,40,12,10,1,0,3,21,0,82,3,0,10,1,0,13,119,4,12,2,5,1,31,4
0,1,0,1,1,2,1,5,0,0,0,0,0,0,0,0,1,0,2,46,0,0,16,1,2,0,0,0,0,0,0,0,0,2,0,0,0,0,0,0,1,0,15,0,0,0,3,0,5,3,1,0,0,3,0,0,2,0,0,0,8,0,0,0,0,0,0,0,0,0,0,1,7,0,1,0,0,0,0,1,0,1,14,0,0,6,0,1,0,0,5,9,2,0,4,0,0,0,0,0
1,0,3,1,0,10,31,6,1,10,0,10,0,0,0,0,1,0,0,2,0,0,3,1,0,8,0,0,0,0,2,1,0,2,1,2,0,27,0,2,1,0,0,1,1,14,76,0,0,6,1,11,0,0,1,7,7,0,0,7,6,0,0,0,2,0,12,0,0,29,3,7,0,13,0,0,0,1,0,4,6,40,1,0,0,2,0,8,0,0,7,3,1,2,0,10,0,0,2,0
0,1,1,0,3,0,0,6,0,0,0,6,1,0,0,0,0,1,3,33,0,0,19,0,0,1,0,1,0,0,0,0,1,0,0,0,0,0,0,0,3,0,21,0,0,0,0,1,5,4,5,1,0,9,1,0,0,0,0,0,2,0,0,0,0,0,1,0,0,0,0,6,6,1,0,0,0,0,1,1,0,1,12,1,0,2,0,0,0,0,6,5,1,0,4,0,0,0,1,0
2,0,5,6,1,5,22,13,5,13,0,6,0,0,0,0,0,0,1,9,0,0,2,1,1,10,0,1,0,0,8,2,0,1,1,7,0,37,0,2,0,0,2,0,0,9,107,1,0,6,9,14,0,2,0,4,12,0,0,8,12,0,0,1,0,1,26,0,0,47,3,10,0,21,0,2,0,0,0,11,7,59,4,5,0,0,0,5,0,0,8,3,1,1,0,20,0,1,1,0
0,17,0,0,9,0,0,0,0,0,0,0,11,2,0,0,6,29,11,1,1,8,0,0,1,0,0,33,9,0,0,0,37,0,0,0,0,0,74,0,5,1,2,2,3,0,0,0,1,2,0,0,0,3,0,0,0,0,0,0,1,1,0,0,0,0,0,1,130,1,1,0,3,0,1,0,2,20,2,0,0,0,0,0,0,5,1,0,10,0,0,1,4,0,3,0,23,1,2,4
0,8,0,0,11,0,0,0,0,0,0,0,11,0,0,0,4,24,12,1,2,7,0,0,4,0,0,18,2,0,0,0,33,0,0,0,0,0,49,0,8,2,2,3,0,0,0,0,2,1,0,0,0,1,0,0,0,0,0,0,0,0,0,0,1,0,0,1,117,0,1,0,5,0,2,0,2,22,3,0,0,0,0,3,0,2,8,0,6,0,0,2,7,0,2,0,12,0,3,1
0,23,0,0,8,0,0,0,0,0,1,3,17,2,0,0,10,60,21,0,2,10,1,0,10,0,0,59,3,0,0,0,72,0,0,0,0,0,116,0,18,1,2,4,5,0,0,0,2,6,0,0,0,7,1,0,0,1,0,0,3,0,0,0,0,0,0,1,246,0,3,0,2,0,3,0,2,19,5,1,0,0,0,6,0,16,9,0,2,0,0,1,14,1,4,0,30,4,3,9
0,6,0,0,64,0,1,1,0,0,0,12,1,2,0,0,3,0,8,3,1,1,1,0,4,0,0,2,2,0,1,0,12,0,0,0,0,1,5,0,22,0,10,0,13,0,1,0,5,13,2,3,1,9,0,1,0,0,0,1,9,1,0,4,1,0,0,0,3,0,3,1,2,1,0,0,3,9,4,1,2,1,0,13,0,27,1,0,4,0,1,5,55,1,3,1,1,1,9,2
0,10,0,1,99,0,0,4,0,0,0,17,8,0,0,1,2,3,4,8,1,4,1,0,5,1,0,7,4,1,0,0,14,0,0,0,0,2,6,0,26,0,6,4,17,0,2,1,9,26,0,5,0,20,0,1,1,0,0,0,17,0,1,3,2,0,1,0,8,1,13,2,6,0,0,0,1,20,13,6,6,0,2,10,0,72,3,1,7,0,1,8,84,5,5,0,2,1,19,2
0,13,0,0,8,1,0,0,0,0,0,1,20,0,0,0,5,27,12,0,2,3,1,0,0,0,0,31,1,0,0,0,53,0,0,0,0,0,83,0,6,0,1,2,3,0,0,0,4,1,0,2,0,1,0,0,0,2,0,0,2,0,0,1,0,1,0,0,148,0,3,0,2,0,2,0,4,13,5,1,1,0,0,1,0,5,14,0,3,1,1,1,8,0,2,0,19,3,4,4
0,6,0,0,135,0,1,3,0,0,0,25,3,0,0,0,3,6,11,7,1,3,2,0,13,3,0,10,2,0,2,0,14,0,0,0,0,0,5,0,42,2,11,6,14,0,0,1,8,29,2,7,0,26,2,0,1,2,1,0,26,2,0,1,1,0,1,1,6,0,24,4,12,0,1,1,4,32,9,7,4,2,0,30,0,73,6,1,19,0,1,21,113,0,9,1,3,2,26,0
5,0,5,9,0,1,4,0,32,40,0,0,0,0,0,0,0,0,0,0,0,0,1,2,0,5,0,0,0,0,28,4,0,1,5,33,0,9,0,8,0,0,1,0,0,5,6,4,0,0,1,3,0,1,2,14,3,0,0,79,1,0,0,0,1,3,5,0,0,4,0,1,0,17,0,0,0,0,0,0,1,13,0,1,0,0,0,0,0,0,1,1,0,0,0,10,0,0,1,0
0,0,0,1,3,1,3,7,0,0,0,11,0,0,0,0,5,0,3,41,0,0,28,0,0,0,0,1,0,0,0,0,0,0,0,0,0,1,0,0,7,0,41,0,1,0,3,0,3,3,5,1,0,18,0,0,2,0,0,0,4,0,0,0,0,0,1,0,1,3,1,5,5,2,0,0,1,0,0,3,1,2,22,1,0,6,0,3,0,0,6,7,3,0,18,0,1,0,2,0
0,9,0,0,9,6,4,26,0,2,0,22,1,0,0,0,5,2,5,165,0,0,92,0,7,2,0,4,1,0,0,0,4,1,0,0,0,3,1,0,12,0,83,1,1,2,5,0,25,12,29,9,0,53,0,0,1,0,0,1,25,0,0,1,0,1,3,0,0,1,0,22,17,2,0,0,1,10,2,10,2,2,45,6,0,18,0,9,1,0,24,31,7,0,48,1,2,0,3,0
3,0,3,5,0,0,3,1,16,27,0,0,0,0,1,0,0,0,0,0,0,0,1,3,0,4,0,0,0,0,17,2,0,1,0,23,0,9,0,1,0,0,0,0,0,3,2,0,0,0,0,1,0,0,0,9,1,0,0,42,0,0,0,0,1,0,9,0,0,0,0,0,0,7,0,0,0,0,0,2,0,7,0,0,0,0,0,1,0,0,0,0,0,0,0,5,0,0,0,0
1,0,1,7,2,13,31,13,6,17,0,14,0,0,0,0,0,0,1,5,0,0,9,1,0,29,0,0,0,0,15,6,0,5,1,8,0,48,1,1,0,0,0,0,1,14,140,3,0,12,13,24,0,6,2,9,9,0,1,14,8,0,0,0,1,2,44,1,0,66,2,12,1,34,0,1,0,0,1,12,20,77,3,2,0,3,1,7,1,0,16,9,4,2,1,25,0,0,4,0
0,0,0,0,1,3,1,3,0,0,0,4,1,0,0,0,0,0,1,33,0,0,11,0,0,0,0,1,0,0,0,0,0,0,0,0,0,0,0,0,2,0,17,0,0,0,0,0,3,0,2,1,0,3,0,1,1,0,0,0,3,0,0,0,0,0,1,0,0,3,0,1,4,0,0,0,0,3,0,0,0,2,8,2,0,1,0,4,1,0,3,4,1,0,4,0,1,0,2,0
9,0,15,15,0,6,16,3,45,94,0,2,0,0,0,0,0,0,0,2,0,0,0,8,0,12,0,0,0,1,72,7,0,5,2,65,0,25,0,11,0,0,1,0,0,9,17,7,0,2,3,11,0,0,1,45,9,1,1,163,3,1,0,0,1,8,16,0,0,4,0,1,0,54,0,1,0,0,0,2,0,28,1,2,0,1,0,2,0,0,2,1,0,0,0,21,0,0,1,0
0,0,0,0,0,0,0,0,0,0,0,1,0,0,0,0,0,0,0,0,0,0,0,0,0,1,0,0,0,0,0,0,0,0,0,0,0,0,0,0,0,0,0,0,0,0,6,0,0,1,0,1,0,0,0,1,2,0,0,0,0,0,0,0,0,0,3,0,0,3,0,0,0,1,0,0,0,0,0,0,1,2,0,0,0,0,0,0,0,0,0,0,0,0,0,0,0,0,0,0
3,0,6,5,1,2,7,1,17,27,0,0,0,0,1,1,0,0,0,0,0,0,0,4,0,4,0,0,0,0,26,2,0,1,1,29,0,16,0,4,0,0,0,0,0,9,7,3,0,0,1,3,0,0,0,11,2,0,0,43,1,0,0,0,0,3,9,0,0,5,0,0,0,17,0,0,0,0,0,0,1,5,0,1,0,0,0,2,1,0,0,0,0,0,0,7,0,0,0,0
6,0,5,6,0,3,15,1,33,61,0,1,0,0,0,0,0,0,0,0,0,0,0,8,0,12,0,0,0,1,49,6,0,1,1,45,0,16,0,8,1,0,0,0,0,5,8,5,0,0,0,2,0,0,0,26,9,0,0,116,0,0,0,0,1,4,15,2,0,6,1,1,0,27,0,0,0,0,0,0,1,15,0,0,0,1,0,1,1,0,1,0,0,0,0,20,0,0,1,0
0,30,0,0,6,0,0,1,0,0,0,0,24,2,0,0,12,41,15,2,3,6,1,0,4,0,0,53,7,0,0,0,48,0,0,0,0,0,101,0,17,0,2,4,12,0,0,0,8,1,1,0,0,3,0,0,0,1,0,0,1,0,0,0,0,0,0,2,210,0,6,0,5,0,1,0,5,24,3,0,0,1,0,3,0,3,9,0,4,0,0,1,9,0,2,0,20,7,3,4
1,0,1,0,7,3,1,25,1,1,0,19,0,0,0,0,4,1,9,173,0,0,68,0,6,2,1,0,0,0,0,0,3,1,0,0,0,1,0,0,10,0,80,0,2,1,5,0,33,9,28,5,0,33,0,0,2,0,0,0,23,1,0,0,1,0,4,0,0,2,3,14,24,1,0,0,0,7,1,5,3,3,58,5,0,19,0,6,1,0,23,28,7,0,46,1,3,0,3,0
0,5,4,1,120,0,0,3,0,0,0,15,5,0,0,0,3,1,12,4,0,1,3,0,1,2,0,4,3,0,1,0,12,0,1,0,1,0,12,0,56,1,10,5,13,1,1,1,10,18,1,7,0,28,0,0,0,1,0,1,20,1,0,0,2,1,3,2,4,2,17,2,6,0,0,0,3,29,15,10,2,4,2,26,0,74,3,0,11,0,2,15,91,0,12,2,3,0,24,5
0,12,0,0,11,0,0,0,0,0,1,0,15,0,0,0,9,32,19,1,2,6,0,0,1,0,0,52,5,0,0,0,38,0,0,0,0,0,81,0,22,0,1,1,6,0,0,0,4,1,0,0,0,4,0,0,0,0,0,0,3,1,0,0,1,0,0,2,132,0,1,0,4,0,0,0,1,18,7,0,0,0,0,0,0,6,5,0,3,0,0,1,7,0,2,0,19,2,1,6
0,3,0,1,71,0,0,1,0,0,1,7,4,1,0,1,1,5,9,6,0,4,6,1,4,0,0,5,3,0,0,0,14,0,1,0,0,0,3,0,31,0,7,1,10,2,0,0,7,25,0,0,1,31,0,0,1,1,0,0,12,0,0,1,1,0,0,0,2,1,10,0,7,0,0,0,3,34,4,6,3,0,1,13,0,53,4,1,3,0,1,13,73,2,2,2,0,3,18,1
0,17,0,0,10,0,0,0,1,0,1,2,10,1,0,0,8,43,19,1,4,10,1,0,6,0,0,43,7,0,0,0,59,0,0,0,0,0,102,0,15,1,3,4,0,0,0,0,6,3,0,1,0,4,1,0,0,2,0,0,3,3,1,0,0,0,0,0,194,0,6,0,4,0,0,1,2,21,4,1,0,0,0,0,0,4,13,0,8,0,0,1,10,0,5,0,26,0,2,3
2,0,2,3,0,14,22,9,4,8,0,14,0,0,0,0,0,0,0,1,1,0,2,2,0,25,0,0,0,0,7,3,0,5,1,8,0,38,0,1,2,0,4,0,1,6,104,1,0,3,7,12,0,4,1,0,15,0,0,9,6,0,0,0,1,2,32,0,0,41,0,12,0,25,0,0,0,0,1,7,5,44,2,1,0,2,0,7,0,0,8,6,3,0,1,9,0,1,3,0
1,0,0,1,1,2,20,1,5,6,0,8,0,0,0,2,0,0,0,1,0,0,0,0,0,9,0,1,0,0,10,1,0,3,1,3,0,16,0,0,1,0,0,0,2,6,55,0,0,5,3,6,0,2,0,0,8,0,0,4,5,0,0,1,0,0,16,1,0,27,1,8,0,17,0,0,0,1,0,5,2,24,0,1,0,1,0,7,0,0,7,4,2,0,0,9,0,0,4,0
1,0,0,0,0,0,0,0,0,0,0,0,0,0,0,0,0,0,0,0,0,0,0,0,0,0,0,0,0,0,0,0,0,0,0,0,0,0,0,0,0,0,0,0,0,0,0,0,0,0,0,0,0,0,0,0,0,0,0,1,0,0,0,0,0,0,0,0,0,0,0,0,0,0,0,0,0,0,0,0,0,0,0,0,0,0,0,0,0,0,0,0,0,0,0,0,0,0,0,0
0,2,0,0,6,1,1,4,1,0,0,3,0,0,0,0,3,0,0,54,0,0,16,0,4,0,0,1,0,0,0,0,1,0,0,0,0,0,0,1,5,0,22,0,0,1,2,1,13,2,4,1,0,19,0,0,2,0,0,0,4,0,0,0,0,0,0,0,1,2,0,5,8,2,0,0,0,3,0,3,0,0,22,4,0,4,0,3,1,0,11,10,2,0,6,0,1,0,1,0
1,0,1,0,0,3,4,3,1,2,0,0,0,0,0,0,0,0,0,2,0,0,0,0,0,1,0,0,0,0,3,0,0,0,0,2,0,12,0,0,0,0,1,0,0,2,20,0,1,3,1,1,0,0,0,1,1,0,0,5,0,0,0,0,0,0,6,0,0,7,1,2,0,4,0,0,0,0,0,1,2,8,1,0,0,2,0,2,0,0,3,0,0,0,0,4,0,0,0,0
0,1,1,5,0,6,22,8,4,13,0,14,0,0,0,1,0,0,0,1,1,1,7,3,0,16,0,0,0,0,13,1,0,2,0,4,0,33,0,1,4,0,1,0,0,13,91,2,0,4,6,14,0,7,0,3,13,1,0,3,8,0,0,0,0,2,33,0,0,38,1,5,0,20,0,0,0,1,1,4,5,50,1,2,0,1,0,10,1,0,3,10,0,0,1,15,0,0,1,0
0,2,0,0,4,3,5,18,0,0,0,17,0,0,0,1,0,1,4,138,0,0,55,0,5,2,0,4,0,1,0,0,4,3,0,0,0,3,0,1,6,0,62,0,2,0,9,0,16,10,10,4,0,21,0,0,1,0,0,1,11,0,0,1,0,0,1,0,0,2,1,16,14,2,0,0,0,6,0,3,3,6,44,2,0,10,0,6,2,0,14,23,7,0,39,0,2,0,2,0
0,2,0,0,57,0,0,0,0,0,0,2,6,2,0,0,0,1,7,0,0,3,2,0,2,1,0,0,1,0,0,0,5,0,2,0,0,0,4,0,21,0,3,0,8,1,0,1,2,4,0,2,1,5,0,0,0,0,0,0,12,1,0,0,1,0,3,1,6,0,6,0,6,0,0,0,2,19,8,12,1,1,1,6,0,33,2,0,4,0,0,4,54,0,1,0,2,0,12,1
1,0,3,2,0,0,0,0,7,3,0,0,0,0,0,0,0,0,0,0,0,0,0,1,0,1,0,0,0,0,4,1,0,0,0,7,0,1,0,2,0,0,0,0,0,0,2,1,0,0,0,2,0,0,1,6,2,0,0,18,0,0,0,0,0,2,1,0,1,1,0,0,0,6,0,0,0,0,0,0,1,3,0,0,0,0,0,0,0,0,0,1,0,0,0,2,0,0,0,0
0,1,0,2,2,5,10,6,1,6,0,2,0,0,0,0,0,0,0,1,0,0,0,0,0,6,0,0,0,0,6,0,1,1,0,2,0,10,0,0,0,0,0,0,0,3,30,0,0,1,0,5,0,1,0,0,4,0,0,0,3,0,0,0,0,0,11,1,0,17,0,3,0,7,0,0,0,0,0,1,1,19,1,0,0,1,0,1,1,0,0,3,0,0,0,4,0,0,0,0
13,0,4,5,0,1,6,0,31,47,0,1,0,0,1,0,0,0,0,2,0,0,1,3,0,10,1,0,0,1,34,6,0,3,4,38,0,13,0,4,0,0,0,0,0,4,2,1,0,0,1,5,0,0,0,16,8,0,1,84,2,0,0,0,0,1,9,0,0,3,0,1,0,21,0,1,0,0,0,4,2,10,0,1,0,0,0,0,0,0,1,0,0,0,0,16,0,0,0,0
1,1,8,8,1,12,24,11,5,19,0,15,0,0,0,0,0,0,0,3,0,0,6,0,0,24,0,0,0,0,7,1,0,1,2,6,0,44,0,5,1,0,2,1,0,15,121,1,0,8,9,25,0,6,1,6,17,0,0,9,8,0,0,0,2,1,40,0,0,54,2,13,1,27,0,2,0,0,1,9,10,60,3,3,0,4,0,5,1,0,9,9,1,2,3,14,0,0,6,0
2,0,2,6,0,2,5,0,12,21,0,0,0,0,0,0,0,0,0,0,0,0,0,4,0,4,0,0,0,0,19,2,0,0,0,5,0,7,0,3,0,0,0,0,0,1,2,1,0,0,0,1,0,0,2,5,0,0,0,21,0,0,0,0,0,1,9,0,0,4,0,0,0,13,0,0,0,0,0,0,1,9,0,0,0,0,0,1,0,0,0,0,0,0,0,2,0,0,1,0
0,8,0,2,126,0,0,1,0,0,1,11,7,2,0,0,1,5,16,5,0,2,5,0,2,3,0,11,2,0,0,0,14,0,2,1,0,0,6,0,45,0,12,2,15,0,1,0,5,24,1,8,0,24,1,0,0,4,1,0,29,3,0,0,4,0,0,1,3,3,12,1,8,1,1,0,4,37,16,8,4,1,3,28,0,80,4,2,10,0,1,19,141,0,7,1,5,1,22,1
0,2,0,2,2,1,4,11,1,1,0,10,1,0,0,0,2,0,3,90,0,0,31,0,6,1,0,0,0,0,0,0,1,2,0,0,0,0,2,0,6,0,49,0,0,0,0,0,6,5,8,3,0,17,0,0,0,0,0,0,8,0,0,0,0,0,1,0,1,1,0,8,5,1,0,0,0,4,0,5,0,3,29,5,0,8,1,3,0,0,13,20,3,0,19,2,0,0,1,0
8,0,12,10,0,4,6,0,43,81,0,0,0,0,2,1,0,0,0,0,0,0,0,13,1,15,0,0,0,0,57,7,0,4,0,64,0,25,0,11,0,0,0,0,0,11,12,5,0,1,2,6,0,1,0,32,8,0,0,120,1,0,0,0,1,2,14,1,0,11,1,2,0,39,0,0,0,0,0,0,0,17,0,0,0,0,0,3,0,0,2,2,1,1,0,21,0,0,1,0
0,6,1,0,142,0,0,0,0,0,1,22,8,1,0,0,2,4,12,4,2,0,5,0,5,2,0,5,2,0,1,3,19,0,0,2,2,0,7,0,55,0,5,1,18,0,0,1,6,20,3,3,2,22,5,0,0,1,0,0,28,0,0,1,1,0,1,2,3,2,20,2,9,0,0,0,3,41,18,13,5,0,2,21,0,71,6,0,6,1,3,12,115,1,9,0,2,0,29,4
0,2,0,0,1,1,0,3,0,0,0,2,0,0,0,0,0,0,0,25,0,0,7,0,1,1,0,0,0,0,0,0,0,1,0,0,0,0,0,0,1,0,9,0,0,0,1,0,2,1,2,0,0,1,0,0,0,0,0,0,1,0,0,0,0,0,0,0,0,0,0,2,3,0,0,0,0,0,0,0,0,0,5,1,0,2,0,3,0,0,3,3,0,0,7,0,1,0,1,0
1,0,0,0,0,2,2,3,3,1,0,3,0,0,0,0,0,0,0,0,0,0,1,0,0,5,0,0,0,0,0,0,0,0,0,2,0,8,0,1,0,0,0,0,0,4,21,0,0,0,1,3,0,1,0,3,2,0,0,2,3,0,0,0,0,0,11,0,0,9,0,2,2,2,0,0,0,0,0,2,2,8,0,2,0,0,0,0,1,0,2,3,0,0,0,1,0,0,1,0
2,0,3,2,0,10,28,8,8,14,0,9,0,0,0,0,0,0,1,1,0,0,6,0,0,20,0,0,0,0,8,2,0,1,0,6,0,36,0,1,0,0,1,1,2,8,84,3,2,1,6,13,0,2,1,8,11,0,0,12,7,0,0,0,1,0,27,0,0,42,2,14,1,22,0,0,0,1,0,5,6,48,6,1,0,1,0,7,2,0,10,8,0,0,1,21,0,0,1,0
7,0,7,5,0,3,7,0,35,48,0,2,0,0,0,0,0,0,0,0,0,0,0,7,0,5,0,0,0,0,29,5,0,3,0,51,0,18,0,7,1,0,0,0,0,7,13,8,0,0,0,4,0,0,0,29,3,0,2,103,1,1,0,0,0,5,10,0,0,8,1,3,0,32,0,1,0,0,0,1,3,17,0,2,0,0,0,3,0,0,1,2,0,0,0,17,0,0,0,0
0,10,0,0,5,0,0,0,0,0,0,1,16,0,0,0,7,33,13,0,1,3,0,0,4,0,0,27,3,0,0,0,41,0,0,0,0,0,40,0,10,1,0,4,3,1,0,0,2,2,0,0,0,1,0,0,0,0,0,0,1,1,0,0,0,0,0,0,109,0,4,0,2,1,0,0,3,10,3,1,1,0,0,0,0,2,1,0,4,0,0,0,4,0,2,0,14,4,1,1
0,0,0,0,0,0,0,0,0,0,0,0,0,0,0,0,0,0,0,4,0,0,1,0,0,0,0,0,0,0,0,0,0,0,0,0,0,0,0,0,1,0,3,0,0,0,0,0,0,0,0,0,0,0,0,0,0,0,0,1,1,0,0,0,0,0,0,0,0,0,0,1,0,0,0,0,0,0,0,0,0,0,1,0,0,0,0,0,0,0,1,0,0,0,0,0,0,0,0,0
0,0,0,1,1,0,7,1,0,2,0,6,0,0,0,0,0,0,1,0,0,0,1,0,0,9,0,0,0,0,4,0,0,2,2,0,0,11,0,0,0,0,0,0,1,4,21,0,1,0,0,6,0,3,1,4,3,0,0,2,1,0,0,1,0,0,6,0,0,11,0,3,0,7,0,0,0,0,0,3,3,20,1,2,0,0,0,1,0,0,7,0,1,0,0,5,0,0,2,0
1,0,2,1,0,1,1,0,4,5,0,0,0,0,0,0,0,0,0,0,0,0,0,1,0,1,0,0,0,0,4,0,0,0,0,6,0,3,0,2,0,0,0,0,0,2,2,0,0,0,0,1,0,0,0,3,0,0,0,14,0,0,0,0,0,0,1,0,0,0,0,0,0,3,0,0,0,0,0,0,0,1,0,0,0,0,0,0,0,0,0,0,0,0,0,1,0,0,0,0
6,0,13,9,0,2,12,2,49,92,0,1,1,0,0,0,0,0,0,2,0,0,0,8,0,17,0,0,0,0,71,4,0,5,1,62,0,21,0,10,0,0,0,0,0,16,9,7,0,1,2,8,0,0,1,35,3,1,1,141,1,0,0,0,1,5,13,1,0,8,0,1,1,61,0,0,0,0,1,2,1,27,1,1,0,0,0,2,0,0,1,1,1,0,0,16,0,0,1,0
0,34,0,0,11,0,0,0,0,0,0,3,28,3,0,0,9,44,23,2,4,7,0,0,9,0,0,61,11,1,0,0,61,0,0,0,0,0,114,0,20,1,4,8,7,0,0,0,5,2,0,1,0,3,0,0,0,1,0,0,2,1,1,0,0,0,0,1,227,0,3,0,2,0,1,0,8,41,4,2,0,0,2,4,0,13,13,0,9,0,1,2,9,0,6,0,21,1,1,9
0,0,2,1,2,0,9,1,1,3,0,3,0,0,0,0,0,0,0,0,0,0,1,0,0,6,0,0,0,0,4,0,0,0,0,1,0,9,0,0,1,0,0,0,0,1,33,0,0,0,3,0,0,2,0,1,2,2,0,2,2,0,0,0,0,0,10,0,1,13,0,4,1,7,0,0,0,0,0,0,4,11,0,0,0,1,0,1,0,0,2,2,1,0,1,8,0,0,1,0
10,0,15,18,0,4,10,5,44,86,0,2,0,0,0,2,0,0,0,0,0,0,3,7,0,21,0,0,0,0,77,6,0,6,1,63,0,23,0,9,0,0,0,0,0,17,10,11,0,1,1,3,0,1,0,25,7,0,1,153,1,1,0,1,0,6,22,0,0,12,0,1,0,37,0,1,0,0,0,0,5,15,0,1,0,0,0,2,1,0,2,0,0,2,1,23,0,0,0,0
0,0,2,1,0,5,13,5,2,7,0,7,0,0,0,0,0,0,0,3,0,0,2,0,0,7,0,0,0,0,4,0,1,1,2,3,0,15,0,0,0,0,0,1,1,5,39,2,0,4,1,7,0,1,0,1,6,0,0,4,3,0,0,0,0,1,14,1,0,17,0,4,0,14,0,0,1,0,1,1,4,23,0,3,0,1,0,4,0,0,2,2,1,0,0,4,1,0,0,0
0,3,0,0,1,0,0,0,0,0,0,0,7,1,0,0,3,10,4,0,0,3,1,0,1,0,0,11,2,0,0,0,8,0,0,0,0,0,27,0,2,1,1,0,0,0,0,0,1,0,0,0,1,2,0,0,0,0,0,0,1,0,0,0,0,0,0,0,42,0,1,0,1,0,0,0,0,3,2,0,0,0,0,0,0,4,2,0,3,0,0,0,2,1,1,0,3,0,0,1
15,0,19,11,0,4,9,2,50,94,0,3,0,0,2,2,0,0,1,1,0,0,0,8,0,16,0,0,0,0,76,9,0,4,0,66,0,21,0,5,0,0,0,0,0,14,10,10,0,0,0,3,0,1,2,24,9,0,1,159,0,0,0,0,1,5,20,0,0,13,0,1,0,42,0,0,0,0,0,0,2,22,0,1,0,0,0,3,1,0,1,1,0,0,0,22,0,0,1,0
2,0,6,3,1,11,34,14,6,21,0,16,0,0,0,1,0,0,0,9,0,0,8,5,0,26,0,0,0,0,16,1,0,9,2,6,1,49,0,3,1,0,1,0,1,15,146,3,0,20,12,22,0,1,0,5,14,0,2,9,13,0,0,0,0,4,40,0,0,71,2,15,1,31,0,0,0,0,2,12,9,72,3,2,0,3,1,9,0,0,14,12,2,0,1,23,0,1,2,0
0,7,0,0,5,5,3,21,1,0,0,24,0,0,0,0,2,0,4,144,0,0,67,0,8,1,0,2,1,0,0,0,2,1,0,0,0,3,0,0,11,0,79,1,2,1,4,0,31,8,28,8,0,25,0,0,1,0,0,1,23,0,0,0,1,0,1,0,1,2,3,14,22,2,0,0,0,13,0,5,2,0,65,3,0,13,0,5,1,0,23,35,8,1,34,1,2,0,4,1
0,22,0,0,8,0,0,0,0,0,2,0,14,2,0,0,6,35,12,1,0,9,0,0,12,1,0,40,2,0,0,0,41,0,0,0,0,1,67,0,9,2,4,1,0,0,0,0,6,0,1,0,2,5,0,0,0,2,0,0,3,1,0,0,2,0,0,1,127,0,1,0,4,0,0,0,2,11,5,0,0,0,0,1,0,2,3,0,7,0,0,0,6,0,3,0,17,1,3,4
1,0,1,2,0,6,21,14,3,8,0,8,0,0,0,0,0,0,0,0,0,0,4,1,1,15,0,0,0,0,7,0,0,2,0,2,0,30,0,0,0,0,4,0,1,6,59,1,0,3,2,7,0,3,0,2,1,0,1,4,4,0,0,0,0,0,15,0,0,29,1,8,1,16,0,1,0,0,0,3,4,29,1,2,0,2,0,9,0,0,6,3,0,0,0,5,0,0,5,0
0,2,0,0,31,0,1,2,0,0,0,4,1,0,0,0,1,0,1,3,1,0,3,0,2,0,0,0,0,0,0,0,4,0,0,0,0,1,1,0,8,0,3,0,4,0,0,0,0,9,0,0,0,7,0,0,0,0,0,0,7,0,0,0,0,0,1,0,2,0,1,0,1,0,0,0,3,9,3,1,1,0,0,5,0,15,1,0,3,0,1,3,26,3,1,1,0,0,4,0
0,4,0,0,0,0,0,0,0,0,0,0,3,0,0,0,1,7,2,0,0,0,0,0,0,0,0,5,2,0,0,0,12,0,0,0,0,0,18,0,2,0,0,0,0,0,0,0,0,3,0,0,0,1,0,0,0,0,0,0,0,0,0,0,0,0,0,0,39,0,1,0,0,0,0,0,3,5,2,0,1,0,0,0,0,2,3,0,0,0,0,1,0,0,1,0,5,1,0,0
0,2,0,1,15,1,0,0,0,0,0,0,0,0,0,0,0,1,1,2,0,0,0,0,0,0,0,1,0,0,1,0,5,0,0,0,0,0,0,0,4,0,2,0,1,0,1,0,2,3,0,1,0,5,0,0,0,0,0,0,5,0,0,0,0,0,0,0,1,0,2,0,2,0,0,1,1,5,1,0,0,0,0,3,0,6,1,0,4,0,0,2,19,0,3,0,0,0,2,0
0,16,1,0,6,0,0,0,0,0,0,0,9,1,0,0,8,28,12,2,1,2,1,0,6,0,0,31,8,0,0,0,34,0,0,0,0,0,58,0,13,0,2,1,1,1,0,0,3,3,0,1,0,0,0,0,0,1,0,0,0,0,0,0,1,0,0,1,119,0,1,0,3,0,1,0,0,17,6,0,0,0,0,2,0,1,4,0,2,0,0,1,1,0,0,0,13,1,2,1
0,22,0,0,8,0,0,0,0,0,0,0,23,1,0,0,9,34,16,1,5,6,1,0,5,1,0,48,6,0,0,0,60,0,0,0,0,0,93,0,10,0,1,5,2,0,0,0,3,2,0,1,0,4,0,0,0,0,0,0,1,1,0,2,2,0,0,0,171,0,1,0,3,0,0,0,3,20,4,1,0,0,0,2,0,2,12,0,7,0,0,0,13,0,3,0,21,1,3,1
0,0,1,4,0,5,9,8,3,6,0,3,0,0,0,0,0,0,0,3,0,0,3,0,0,9,0,0,1,0,2,2,0,0,0,2,0,22,0,1,1,0,2,0,0,2,39,0,0,7,3,7,0,1,0,2,5,0,0,4,3,0,0,0,0,0,16,0,0,16,0,2,0,13,0,0,0,0,0,8,4,31,2,3,0,1,0,1,0,0,2,4,0,0,0,8,0,0,1,0
4,0,4,8,1,11,37,13,11,16,0,18,0,0,0,0,1,0,0,7,0,1,7,2,0,21,0,0,0,0,13,2,0,4,1,0,0,55,0,2,1,0,6,0,3,11,141,1,0,15,11,21,0,3,1,9,8,0,0,9,10,1,0,0,2,2,43,1,0,66,4,10,2,36,0,0,0,0,1,15,7,56,0,4,0,1,1,11,1,0,15,4,0,1,2,16,0,0,4,0
0,0,0,0,0,0,0,2,0,0,0,0,0,0,0,0,0,0,1,5,0,0,1,0,0,0,0,0,0,0,0,0,0,0,0,0,0,0,0,0,0,0,5,0,0,0,0,0,0,0,0,0,0,1,0,0,0,0,0,0,1,0,0,0,0,0,0,0,0,0,0,1,0,0,0,0,0,1,0,0,0,0,2,1,0,2,0,0,0,0,0,0,0,0,2,0,0,0,0,0
0,4,1,1,77,0,2,2,0,0,0,10,2,1,0,1,2,1,10,1,0,4,2,0,4,0,0,9,2,0,0,0,16,0,0,0,0,0,4,0,38,0,10,7,10,1,1,0,7,16,0,2,1,32,0,0,1,0,0,0,24,2,0,1,1,0,0,2,5,2,7,2,12,1,1,0,4,24,10,10,4,0,4,11,0,48,5,0,6,0,2,12,82,1,7,1,3,1,15,3
0,13,0,0,4,0,0,0,0,0,2,0,11,0,0,0,2,32,13,2,3,8,1,0,1,0,0,37,10,0,0,0,41,0,0,0,1,1,63,0,16,1,0,1,3,0,0,0,3,0,0,0,0,1,0,0,0,0,0,0,1,0,0,0,0,0,0,1,135,0,0,0,8,0,0,0,6,13,6,0,0,0,0,0,0,6,6,0,2,1,0,0,5,0,4,1,19,1,2,1
0,4,1,0,7,2,5,16,0,0,0,16,1,0,0,0,1,0,6,131,0,0,63,0,5,0,0,1,0,0,0,0,3,1,0,1,0,2,0,1,9,0,69,0,2,0,4,0,20,9,15,0,0,30,0,1,2,0,0,0,14,0,0,0,0,0,0,0,0,4,1,12,11,0,0,0,1,6,1,3,1,0,49,1,0,13,0,10,0,0,11,12,6,0,27,1,1,0,1,0
0,6,0,0,2,0,0,0,0,0,0,1,2,0,0,0,2,9,2,0,0,1,0,0,0,0,0,5,2,0,0,0,13,0,0,0,0,0,6,0,1,0,0,1,0,0,0,0,0,0,0,0,0,1,0,0,0,0,0,0,0,0,0,0,0,0,0,0,26,0,2,0,1,0,1,0,3,5,0,0,1,0,0,0,0,0,3,0,1,0,0,0,5,1,0,0,3,1,0,0
0,7,0,0,6,0,0,0,0,0,0,0,9,0,0,0,3,13,13,2,0,5,0,0,4,0,0,12,0,0,0,0,22,0,0,0,0,0,34,0,7,0,0,1,1,0,0,0,1,0,0,2,0,1,0,0,0,0,0,0,2,1,0,0,2,0,0,0,88,0,0,0,0,0,0,0,4,13,3,2,0,0,0,1,0,6,6,0,5,0,0,0,5,0,2,0,15,0,1,1
2,0,4,5,0,17,36,15,12,21,0,22,0,0,0,2,0,0,0,6,0,2,5,0,0,21,0,0,0,1,20,2,0,5,0,9,0,62,1,2,2,0,5,0,1,16,142,1,0,13,12,26,0,7,1,5,10,0,0,9,16,0,0,0,0,1,40,1,0,71,4,9,2,37,0,3,0,0,1,10,13,69,4,1,0,1,0,8,0,0,14,9,1,0,1,22,0,1,2,0
3,0,6,9,0,3,6,2,34,72,0,0,0,0,1,0,0,0,0,0,0,0,1,3,0,12,0,0,0,1,47,5,0,4,0,49,0,11,0,10,0,0,0,0,0,6,13,6,0,0,0,7,0,0,1,24,8,0,1,112,1,0,0,0,0,3,10,0,0,4,1,1,0,28,0,0,0,0,0,0,1,11,0,0,0,0,0,1,0,0,1,1,1,1,0,12,0,0,0,0
0,1,0,0,3,2,1,6,0,0,0,10,0,0,0,0,1,0,3,59,0,0,24,0,2,0,0,0,0,0,0,0,1,0,0,0,0,0,0,0,3,0,39,0,1,0,3,0,8,6,8,0,0,17,0,0,1,0,0,1,10,1,0,0,1,0,0,0,1,4,0,8,7,1,0,0,0,4,1,3,0,1,21,0,0,1,1,3,0,0,11,9,5,0,17,0,0,0,0,0
0,10,0,0,6,0,1,0,0,0,0,0,12,1,0,1,4,26,12,0,1,1,0,0,5,0,0,26,1,0,0,0,26,0,0,0,0,0,51,0,13,1,2,2,2,0,0,0,2,1,0,0,0,0,1,0,0,3,0,0,2,1,0,0,1,0,0,0,107,0,0,0,6,0,0,0,2,10,3,1,0,0,0,1,0,2,2,0,1,1,0,2,5,0,2,0,7,0,2,2
0,24,0,0,11,0,0,0,0,0,0,0,15,0,0,0,7,38,14,1,4,9,1,0,6,0,0,49,3,0,0,0,47,0,0,0,0,0,73,0,8,0,1,4,1,0,0,0,4,5,0,0,0,5,0,0,0,0,0,0,1,1,0,1,0,1,0,0,166,0,2,0,1,0,1,0,3,28,4,0,0,0,1,2,0,5,1,0,7,0,1,1,11,0,4,0,18,3,2,8
0,1,0,1,5,11,1,22,0,2,0,13,0,0,0,0,1,1,8,121,0,0,62,0,4,1,0,2,0,0,1,0,3,0,0,1,1,0,1,0,10,0,74,0,2,0,4,0,23,10,24,1,0,29,0,0,1,0,0,0,21,0,0,0,0,0,7,0,0,6,4,9,13,1,0,0,0,4,1,3,5,3,35,1,0,9,0,8,0,0,24,18,2,1,28,0,0,0,3,0
0,13,0,0,9,1,0,0,0,0,0,0,19,1,0,0,7,40,21,2,4,2,0,0,7,0,0,47,8,0,0,0,60,0,0,0,1,0,78,0,19,0,1,6,5,0,0,0,1,4,1,0,0,3,0,0,0,1,0,0,1,4,0,0,0,0,0,1,155,0,0,0,5,0,1,0,1,12,4,1,1,0,1,2,0,8,6,0,5,0,1,0,8,0,3,0,20,0,1,4
0,26,0,0,15,0,0,0,0,0,1,2,25,1,0,0,13,59,24,1,2,8,0,0,7,0,0,57,10,0,0,0,54,0,0,0,1,0,109,0,17,1,6,3,5,0,0,1,2,3,0,1,0,1,0,0,1,1,0,0,3,1,0,0,0,0,1,4,211,0,3,0,2,0,0,0,6,26,0,0,0,0,0,4,0,16,2,0,4,2,0,1,11,1,3,0,29,1,1,5
0,1,0,0,4,3,1,16,0,0,0,5,0,0,0,0,1,0,0,79,0,0,54,0,4,0,0,1,0,0,0,0,1,0,0,0,0,0,1,0,5,0,37,0,0,1,1,0,14,3,8,1,0,25,1,0,0,0,0,0,14,0,0,1,1,0,1,0,0,4,2,10,9,1,0,0,0,4,1,3,2,3,30,2,0,4,0,6,0,0,16,11,4,0,24,1,0,1,0,0
11,0,11,8,0,1,11,4,49,74,0,0,0,0,0,0,0,0,0,0,0,0,2,6,0,15,0,0,0,1,75,7,0,2,2,72,0,19,0,13,0,0,0,1,2,11,16,6,0,1,1,8,0,0,1,35,9,0,6,147,0,0,0,0,0,5,24,0,0,6,2,1,0,40,0,0,0,0,0,2,3,27,1,0,0,0,0,2,0,0,3,0,0,0,0,24,0,0,1,0
0,31,0,0,4,0,0,0,0,0,0,2,13,0,0,0,3,44,12,1,1,7,0,0,6,0,0,48,5,0,0,0,43,0,0,0,0,0,69,0,13,0,3,4,4,0,0,0,5,2,0,1,0,1,1,0,0,1,0,0,0,1,0,1,0,0,0,0,128,0,2,0,6,0,1,0,4,22,4,0,0,0,1,3,1,7,8,0,2,0,0,0,10,1,6,0,18,2,0,3
0,26,0,0,12,0,0,0,0,1,1,1,15,1,0,0,11,48,22,1,3,13,0,0,5,0,1,49,10,0,0,0,52,0,0,0,0,1,92,0,18,1,3,4,6,0,0,0,1,2,0,0,0,3,1,0,0,3,0,0,2,0,0,0,1,0,0,1,203,1,2,0,6,0,1,0,3,20,5,1,4,0,0,1,0,5,8,0,3,0,0,4,9,0,5,0,27,3,2,6
0,3,0,0,1,0,0,2,0,0,0,3,1,0,0,0,0,0,0,23,0,0,12,0,1,0,0,0,0,0,0,1,0,0,0,0,0,2,0,0,0,0,7,0,0,0,2,0,4,1,3,0,0,2,0,0,0,0,0,0,2,0,0,0,0,0,0,0,0,1,1,3,0,0,0,0,0,1,1,1,0,0,5,2,0,5,0,1,0,0,3,3,1,0,6,0,0,0,0,0
1,0,6,6,1,8,27,17,9,15,0,17,0,0,0,1,0,0,0,4,0,0,6,0,0,17,2,0,0,0,9,1,1,3,3,4,0,53,0,0,0,0,0,0,2,22,114,2,2,6,12,24,0,4,3,9,6,0,1,11,11,0,0,0,0,0,30,1,0,42,3,7,2,27,0,1,0,1,3,7,8,68,2,6,0,2,0,6,0,0,9,10,3,3,0,15,0,0,4,0
0,0,0,0,4,0,0,0,0,0,0,0,0,0,0,0,0,2,0,0,0,0,0,0,0,0,0,0,0,0,0,0,1,0,0,0,0,0,0,0,0,0,1,0,0,0,0,0,0,0,0,0,0,1,0,0,0,0,0,0,1,0,0,0,0,0,0,0,0,0,1,0,0,0,0,0,0,0,2,0,1,0,0,1,0,2,0,0,0,0,0,1,1,0,0,0,0,0,1,0
3,1,8,9,0,8,36,17,9,25,0,16,0,0,0,0,0,0,0,8,0,0,4,3,0,12,0,0,0,1,8,4,0,2,1,9,0,50,0,4,0,0,3,0,1,14,125,2,1,10,9,21,0,6,2,8,8,0,0,10,5,0,0,1,0,2,28,0,0,61,2,10,1,27,0,1,0,0,0,10,8,61,1,6,0,2,0,10,0,0,8,11,6,2,2,12,0,0,1,0
0,2,2,2,3,2,3,23,0,0,0,19,0,0,1,0,5,1,5,168,0,0,70,0,5,1,0,4,0,1,0,0,0,0,0,0,0,1,0,0,6,0,93,1,3,2,8,1,28,15,16,5,0,32,0,0,4,0,0,0,26,0,0,1,1,0,1,0,0,6,1,17,20,2,0,0,0,13,1,5,1,3,48,4,0,17,0,6,0,0,27,33,13,2,35,3,2,0,5,0
0,1,1,1,12,2,2,19,2,0,0,16,0,0,0,0,4,2,7,157,0,0,75,0,8,1,0,5,0,0,0,0,5,0,0,0,0,2,0,1,9,0,77,0,4,1,8,0,33,13,21,1,0,35,1,1,1,1,0,2,22,0,0,0,0,0,2,1,0,6,2,25,21,2,0,0,0,12,0,5,1,3,61,3,0,19,0,6,0,0,23,35,9,0,39,1,1,1,2,1
5,0,8,8,0,4,11,0,25,53,0,0,0,0,0,0,0,0,0,0,0,0,1,6,0,11,1,0,0,1,30,7,0,2,1,40,0,7,0,8,0,0,0,0,0,4,6,3,0,0,1,5,0,0,0,15,3,0,1,74,2,0,0,0,0,5,10,1,0,3,0,2,0,25,0,2,0,0,0,0,3,8,0,1,0,1,0,1,1,0,1,1,0,0,0,12,0,0,0,0
0,5,0,0,78,0,0,0,0,0,1,7,2,0,0,0,0,6,7,6,1,1,2,0,2,1,0,4,1,0,1,0,11,0,1,0,0,0,8,0,44,0,10,3,9,2,0,1,5,14,2,2,0,22,1,0,0,1,0,0,12,0,0,3,2,1,0,4,3,2,3,0,4,0,0,0,5,25,6,7,1,1,1,9,0,45,1,0,12,0,2,10,79,0,8,2,3,1,18,2
2,1,4,1,1,9,23,12,4,13,0,10,0,0,0,0,0,0,1,4,0,0,7,1,0,21,0,0,1,1,6,5,0,1,1,5,0,37,0,1,1,0,3,0,1,10,94,1,0,7,6,12,0,3,0,6,12,0,0,5,6,0,0,0,0,0,39,2,0,58,5,11,0,27,0,1,0,0,0,12,4,46,1,4,0,1,0,4,2,0,6,8,1,0,2,12,0,0,2,0
1,0,1,1,0,3,7,5,1,7,0,4,0,0,0,0,0,0,1,1,0,0,1,0,0,10,0,0,1,0,2,0,0,1,0,5,0,16,0,0,1,0,0,0,0,1,45,0,1,1,2,7,0,1,0,1,1,0,0,2,3,0,0,0,0,0,13,0,0,23,2,2,0,8,0,0,0,1,0,2,0,28,1,2,0,0,0,3,0,0,5,2,1,0,1,10,0,0,0,0
1,0,3,0,0,0,2,1,8,16,0,0,0,0,1,0,0,0,0,0,0,0,0,1,0,1,0,0,0,0,11,1,0,1,0,15,1,2,0,0,0,0,0,0,0,4,2,1,0,0,0,1,0,0,0,5,1,0,0,30,0,0,0,0,0,0,2,0,0,0,0,0,0,4,0,0,0,0,0,0,0,6,0,0,0,1,0,0,0,0,1,0,0,0,0,2,0,0,0,0
0,0,0,0,0,0,0,0,0,0,0,0,0,0,0,0,0,0,0,0,0,0,0,0,0,0,0,0,0,0,0,0,0,0,0,0,0,0,0,0,0,0,0,0,0,0,0,0,0,0,0,0,0,1,0,0,0,0,0,0,0,0,0,0,0,0,0,0,0,0,0,0,0,0,0,0,0,0,0,0,0,0,0,0,0,0,0,0,0,0,0,0,0,0,0,0,0,0,0,0
0,2,1,0,11,5,0,31,0,1,0,15,0,0,0,0,3,0,6,165,0,0,73,0,8,2,0,3,0,0,1,0,4,2,0,2,0,3,0,0,12,0,93,1,0,1,1,0,33,13,20,2,0,33,0,2,1,0,0,1,24,0,0,0,0,0,2,0,0,6,3,10,16,0,0,0,0,8,2,5,2,4,57,3,0,25,0,8,0,0,36,30,12,0,42,0,0,0,4,0
3,0,8,5,0,4,8,1,19,45,0,2,0,0,0,1,0,0,0,0,0,0,0,6,0,10,0,0,0,0,43,5,0,4,3,42,0,10,0,2,0,0,0,0,0,7,8,1,0,0,0,1,0,0,0,20,3,0,0,92,1,0,0,1,0,3,9,0,0,2,1,0,0,22,0,0,0,0,0,2,2,12,0,1,0,0,0,4,0,0,1,2,0,0,0,14,0,0,0,0
0,21,0,0,15,1,0,0,0,1,0,1,20,2,0,2,10,56,17,1,2,8,0,0,6,0,0,59,5,0,0,0,65,0,0,0,0,0,102,0,14,0,5,6,2,0,0,0,4,1,0,0,0,3,0,0,0,0,0,0,4,4,0,1,1,0,0,2,194,0,3,0,6,0,0,0,4,23,7,0,1,0,1,3,0,11,6,0,5,0,0,3,8,0,3,0,28,1,4,6
1,4,0,0,51,0,0,1,0,0,0,9,0,1,0,0,3,2,6,6,1,0,2,0,3,1,0,1,0,0,0,0,5,0,0,0,0,0,5,0,16,0,2,1,7,1,0,0,3,10,2,2,0,9,0,0,0,0,1,0,11,1,0,0,1,1,0,3,1,1,10,1,3,0,0,0,3,21,3,3,2,0,2,7,0,17,3,0,9,0,0,5,63,1,4,0,0,0,8,1
0,11,0,0,4,0,0,0,0,0,0,2,18,1,0,0,10,36,11,0,1,6,1,0,6,0,0,46,5,0,0,0,45,0,0,0,0,0,89,0,12,0,3,3,3,0,0,0,5,2,0,0,0,1,0,0,0,2,0,0,0,3,1,0,1,0,0,1,149,0,1,0,3,0,2,0,6,21,8,2,1,0,0,2,0,6,6,0,5,1,1,1,9,1,4,0,15,4,5,1
0,0,0,0,0,0,0,2,0,0,0,0,0,0,0,0,0,0,0,5,0,0,0,0,0,0,0,0,0,0,0,0,0,0,0,0,0,0,0,0,1,0,2,0,0,0,0,0,1,2,0,0,0,2,0,0,0,0,0,0,1,0,0,0,0,0,0,0,0,0,0,1,0,0,0,0,0,0,0,2,0,0,1,0,0,0,0,0,0,0,0,0,0,0,3,0,0,0,0,0
0,0,0,0,3,1,0,8,0,1,0,5,1,0,0,0,1,0,1,36,0,0,22,0,1,0,0,0,0,0,0,0,2,0,0,0,0,1,0,0,1,0,23,0,0,1,0,0,12,4,7,2,0,12,0,0,1,0,0,0,9,0,0,0,0,0,1,0,1,5,1,4,8,0,0,0,1,2,0,3,1,0,21,3,0,6,0,2,2,0,8,14,2,1,14,0,0,0,1,1
4,1,5,8,1,20,32,14,8,17,0,21,0,1,0,0,0,0,0,4,0,1,6,1,0,20,0,0,0,0,12,2,0,10,0,9,0,64,0,2,0,0,4,0,1,17,140,4,0,9,14,18,0,8,2,8,17,0,1,12,11,0,0,0,0,1,43,1,2,68,3,10,0,32,0,1,0,0,1,14,7,64,5,3,0,4,0,12,0,0,15,12,2,1,1,29,0,0,2,0
1,0,0,0,11,0,0,1,0,0,0,3,0,0,0,0,1,0,1,2,0,0,3,0,0,0,0,0,0,0,0,0,2,0,0,0,0,0,1,0,8,0,4,0,0,0,0,0,2,3,0,0,0,4,0,0,0,0,0,0,5,0,0,1,0,0,0,0,0,0,3,0,1,0,0,0,0,3,3,0,1,0,0,2,0,4,0,0,0,0,1,2,21,0,1,0,1,0,5,0
0,4,0,0,15,4,4,15,0,1,0,20,1,0,0,0,1,1,7,148,0,0,52,0,4,1,0,1,0,0,1,0,4,1,0,1,0,7,2,0,11,0,77,0,0,2,6,0,19,9,17,1,0,35,0,0,1,0,0,0,16,0,0,0,0,0,4,1,0,6,1,16,16,1,0,0,0,7,1,2,1,0,42,4,0,17,1,4,2,0,19,37,8,0,31,0,0,0,6,0
0,0,0,0,0,0,0,1,0,0,0,4,0,0,0,0,0,0,1,14,0,0,5,0,0,0,0,0,0,0,0,0,0,0,0,0,0,0,0,0,0,0,5,0,0,0,0,0,2,1,4,1,0,4,0,1,1,0,0,0,2,0,0,0,0,0,1,0,0,0,0,2,2,0,0,0,0,1,0,1,0,0,4,2,0,2,0,1,0,0,5,5,1,0,3,0,0,0,1,0
0,4,0,1,86,0,0,1,1,0,0,11,3,0,0,0,0,6,4,4,1,2,0,0,0,3,0,6,0,0,0,0,10,1,0,0,0,0,8,0,26,0,8,12,13,0,0,1,6,14,2,4,0,20,0,0,0,1,0,0,11,2,0,0,3,0,0,0,7,0,12,1,8,0,0,1,2,28,13,5,3,1,0,15,0,51,2,1,8,0,1,15,72,1,8,2,0,0,12,5
0,1,0,0,0,0,0,0,0,0,0,0,1,1,0,0,1,2,2,1,0,0,0,0,1,0,0,4,1,0,0,0,8,0,0,0,0,0,6,0,1,0,0,0,1,0,0,0,0,2,0,0,0,1,0,0,0,0,0,0,0,0,0,0,0,0,1,0,20,0,0,0,1,0,1,0,1,2,1,0,0,0,0,0,0,1,1,0,0,0,0,0,1,0,0,0,6,0,0,0
0,23,0,0,12,0,0,0,0,0,0,1,24,0,0,0,17,57,19,0,1,9,0,0,6,0,0,69,17,0,0,0,92,0,0,1,0,0,134,0,22,0,5,5,6,0,0,0,4,0,0,1,0,3,0,0,0,2,0,0,4,1,0,1,1,0,0,1,228,0,3,0,4,0,0,0,4,23,4,0,0,0,1,3,0,10,10,0,12,1,0,1,13,1,5,0,22,2,4,7
0,0,0,6,1,5,11,7,1,11,0,5,0,0,0,0,0,0,1,1,0,0,3,0,0,12,0,0,0,0,5,2,0,2,1,7,0,25,1,0,1,0,0,0,0,8,61,2,0,5,5,14,0,1,2,2,5,0,0,5,3,0,0,0,0,0,26,0,0,21,1,4,0,16,0,0,0,0,1,4,6,25,0,3,0,0,0,5,0,0,4,3,1,0,1,16,0,0,1,0
0,5,0,0,70,0,0,0,0,1,0,7,2,0,0,0,1,1,3,3,0,1,3,0,3,1,0,2,1,0,0,0,6,0,0,0,0,0,8,0,25,0,6,2,3,0,2,0,4,4,1,3,1,18,0,0,0,0,0,0,11,0,0,1,1,0,1,1,4,0,10,2,8,0,0,0,0,16,3,5,2,0,1,10,0,30,3,0,7,0,1,7,63,0,3,0,1,0,16,2
0,2,0,0,14,0,0,0,0,0,0,0,1,0,0,0,1,0,1,1,0,0,1,0,2,0,0,1,0,0,0,0,3,0,1,0,0,0,2,0,4,0,0,0,2,1,0,0,2,6,1,0,0,3,0,0,1,0,0,0,1,0,0,0,0,0,0,0,2,3,0,0,1,0,0,0,0,8,4,3,1,0,0,5,0,7,0,0,1,0,0,3,7,0,1,0,0,0,2,0
0,0,0,0,0,1,0,0,2,5,0,0,0,0,0,0,0,0,0,0,0,0,0,1,0,0,0,0,0,0,3,0,0,0,0,0,0,0,0,1,0,0,0,0,0,0,0,1,0,0,0,0,0,0,0,3,1,0,0,5,0,0,0,0,0,0,1,0,0,0,0,0,0,2,0,0,0,0,0,0,0,0,0,0,0,0,0,0,0,0,0,0,0,0,0,0,0,0,0,0
4,1,0,4,0,16,20,9,4,8,0,12,0,0,0,0,0,0,0,6,0,0,2,0,0,15,1,0,0,0,8,0,0,1,1,2,0,47,0,1,0,0,2,0,1,4,91,0,0,8,10,8,0,4,1,9,10,0,0,7,4,0,0,0,0,0,20,0,0,38,1,8,0,19,0,0,0,0,1,6,9,40,3,7,0,2,0,7,0,0,7,8,1,2,2,23,0,0,1,0
5,0,4,1,2,11,47,15,4,10,0,17,0,0,0,0,0,0,0,2,0,0,6,0,0,26,0,0,0,0,12,2,0,4,1,11,2,49,0,3,1,0,4,2,2,11,147,1,1,10,14,26,0,1,1,9,15,0,3,12,8,0,0,0,2,1,40,0,0,55,4,9,0,40,0,0,0,0,4,10,13,68,2,3,0,1,1,8,0,0,9,14,4,1,2,23,0,0,0,0
0,1,0,0,5,3,1,14,0,1,0,6,0,0,0,0,2,0,3,82,0,0,55,1,6,0,0,3,0,0,1,0,4,1,0,0,0,3,1,0,6,0,57,0,0,2,1,0,14,9,14,3,0,21,1,0,1,0,0,0,10,0,0,0,0,0,1,0,0,4,1,7,15,2,0,0,0,8,1,3,2,0,26,2,0,7,1,2,0,0,11,21,4,0,19,0,2,0,3,0
0,0,4,3,2,12,22,7,7,13,0,17,1,0,0,0,0,0,0,3,0,0,3,0,1,15,0,0,0,0,6,3,0,1,3,5,0,35,0,1,0,0,1,0,2,12,91,0,0,4,9,16,0,2,0,7,9,0,0,9,6,0,0,0,0,0,31,0,0,35,1,4,0,22,0,1,0,0,1,6,7,53,3,5,0,0,0,5,1,0,4,8,0,1,0,15,0,0,4,0
0,21,0,0,7,0,0,0,0,0,0,2,27,1,0,0,14,52,24,2,2,9,0,0,9,0,0,57,8,0,0,0,47,0,0,0,0,0,85,0,18,0,0,3,4,0,0,0,0,1,0,0,0,4,1,0,0,2,0,0,1,0,1,1,0,0,1,0,183,0,1,0,8,0,1,0,1,22,7,0,1,0,1,5,0,10,13,0,4,0,0,1,9,1,5,0,33,6,4,3
0,0,0,0,41,0,0,1,0,1,0,1,1,0,0,0,0,2,5,2,0,0,3,0,1,0,0,2,1,1,0,0,7,0,0,0,0,0,6,0,19,0,1,0,7,2,0,0,4,4,3,2,0,12,0,2,0,0,0,0,8,0,0,1,0,1,0,0,0,1,4,0,4,0,0,0,0,14,7,2,4,0,1,6,0,26,5,1,7,0,1,5,58,0,3,0,2,0,10,1
0,2,0,0,2,0,0,0,0,0,0,2,10,0,0,0,4,19,9,0,2,5,0,0,3,0,0,22,6,0,0,0,23,0,0,0,0,0,43,0,10,1,0,0,1,0,0,0,1,1,0,1,0,1,0,0,0,1,0,0,0,0,0,0,0,0,0,0,98,0,3,0,3,0,0,0,2,12,1,2,0,0,0,1,0,1,4,0,3,0,0,2,3,0,0,0,10,2,2,2
12,0,9,14,0,4,21,4,52,93,0,2,0,0,0,1,0,0,0,0,0,0,0,13,0,28,0,0,0,0,79,7,0,6,1,67,0,25,0,17,0,0,0,0,0,15,13,9,0,1,2,5,0,0,3,45,7,0,0,173,1,0,0,2,0,7,21,0,0,11,0,2,1,40,0,0,0,0,0,2,2,24,1,0,0,0,0,4,0,0,0,1,0,1,1,30,0,0,1,0
0,0,4,5,1,15,25,15,4,23,0,19,0,0,0,1,0,0,0,1,0,0,2,1,0,22,0,0,0,0,9,0,0,1,0,9,0,43,0,1,1,0,0,0,1,13,97,2,1,7,14,25,0,5,1,4,16,0,0,9,9,0,0,0,1,2,29,0,0,47,4,4,2,24,0,0,0,1,1,5,10,65,3,5,0,4,0,6,0,0,9,4,3,2,1,17,0,0,1,0
8,0,9,7,0,0,9,2,34,70,0,0,0,0,2,0,0,0,0,2,0,0,0,5,0,13,0,0,0,0,45,7,0,0,2,40,0,18,0,6,0,0,0,0,0,8,4,6,0,3,2,5,0,0,0,25,5,0,1,102,0,0,0,0,0,3,10,0,0,8,0,0,0,33,0,1,0,0,0,0,1,13,0,1,0,0,0,1,0,0,0,1,1,1,0,16,0,0,0,0
0,0,0,0,0,2,0,0,0,1,0,1,0,0,0,0,0,0,0,0,0,0,0,0,0,3,0,0,0,0,1,0,0,0,0,0,0,1,1,0,0,0,0,0,1,0,10,0,0,0,0,4,0,1,0,0,1,0,0,0,0,0,0,0,0,0,1,0,0,6,1,0,0,4,0,0,0,0,0,1,0,2,0,1,0,0,0,0,0,0,0,1,0,0,0,1,0,0,1,0
0,3,0,1,7,6,2,14,0,3,0,12,0,0,0,0,2,1,3,121,0,0,45,0,7,4,0,0,0,0,2,0,2,1,0,1,0,0,0,0,12,0,75,0,1,2,3,0,14,15,15,7,0,31,0,0,0,0,0,1,16,0,0,0,0,0,1,0,0,2,2,12,20,0,0,0,0,5,0,0,1,4,47,1,0,13,1,3,0,0,24,18,9,0,32,1,0,0,1,0
0,14,0,0,85,0,2,0,1,0,0,10,1,0,0,0,2,3,8,2,0,1,4,0,2,0,0,3,1,0,0,0,8,0,0,0,0,0,2,0,28,2,9,3,10,1,0,0,2,17,0,0,0,22,0,0,0,0,0,0,12,0,1,2,0,0,1,4,4,1,4,0,7,0,0,0,0,26,13,8,4,4,1,11,0,38,1,0,5,0,0,10,81,0,4,1,0,0,14,0
9,0,16,16,0,4,10,2,45,110,0,0,0,0,0,0,0,0,0,1,0,0,0,12,0,14,0,0,0,0,75,10,0,2,1,57,1,14,0,5,0,0,0,0,0,11,17,7,0,0,1,5,0,0,1,34,5,0,2,139,4,0,0,0,1,4,16,0,0,7,1,1,0,40,0,0,0,0,0,0,3,24,1,0,0,0,0,3,0,0,0,1,0,0,0,17,1,0,0,1
5,0,3,3,0,2,6,0,20,41,0,2,0,0,1,0,0,0,0,1,0,0,1,8,0,3,0,0,0,0,33,8,0,1,0,46,1,11,0,5,0,0,0,0,0,6,3,0,0,0,1,2,0,0,1,14,6,0,1,66,0,0,0,0,0,4,4,0,0,3,0,1,0,17,0,0,1,0,1,2,2,7,0,0,0,0,0,1,0,0,1,1,0,0,0,10,0,0,0,0
0,23,0,0,15,0,0,1,0,0,0,2,19,0,0,0,11,67,22,1,2,15,0,0,11,0,0,84,9,0,0,0,75,0,0,0,0,0,113,0,17,1,0,3,4,1,0,0,4,4,0,1,0,5,1,0,0,1,0,0,5,1,0,2,1,0,0,0,225,0,3,0,4,0,1,0,6,32,7,0,1,0,0,0,1,6,12,0,6,2,0,2,14,0,2,0,35,4,4,5
0,0,0,3,0,4,10,7,3,8,0,4,1,0,0,0,0,0,0,1,0,0,1,1,0,5,0,0,0,0,6,1,0,1,1,2,0,21,0,1,0,0,0,0,0,8,53,0,1,8,1,9,0,3,1,3,3,0,0,1,5,0,0,0,0,0,12,0,0,21,0,2,1,9,0,0,0,0,0,3,4,28,2,1,0,0,0,5,1,0,3,1,0,0,0,7,0,0,0,0
0,0,2,1,1,2,15,6,1,7,0,9,0,0,0,1,0,0,0,2,0,0,2,0,0,4,0,0,0,0,3,1,0,2,1,6,0,18,0,0,0,0,1,0,0,7,43,2,0,4,7,7,0,1,1,5,4,0,0,3,4,0,0,0,0,0,22,0,0,20,1,4,1,13,0,0,1,1,1,2,3,33,2,2,0,1,0,6,0,0,5,9,1,0,0,3,0,0,0,0
0,6,0,0,12,3,3,17,0,1,0,21,0,0,0,0,3,0,4,156,0,0,74,0,7,3,0,5,0,0,0,0,3,1,0,0,0,6,2,0,9,0,76,0,1,2,4,0,23,10,19,1,0,33,0,1,7,0,0,0,24,0,0,0,0,0,3,0,1,5,2,20,24,1,0,0,0,4,0,8,1,0,57,8,0,18,0,8,0,0,25,23,10,0,39,1,1,0,4,0
0,0,0,0,0,0,0,0,0,0,0,0,0,0,0,0,0,0,0,0,0,0,0,0,0,0,0,0,0,0,0,0,0,0,0,0,0,0,0,0,1,0,3,0,0,0,0,0,0,0,0,1,0,0,0,0,0,0,0,0,0,0,0,0,0,0,0,0,0,0,0,0,0,0,0,0,0,0,0,0,0,0,1,0,0,0,0,0,0,0,0,0,0,0,3,0,0,0,0,0
0,4,0,1,8,4,3,14,0,1,0,17,0,0,0,0,1,2,3,117,0,0,56,0,4,0,0,0,0,0,0,0,3,2,0,1,0,1,0,0,11,1,71,0,1,0,5,0,17,12,13,0,0,31,0,0,1,0,0,0,19,0,0,0,0,0,0,0,2,6,4,9,14,1,0,0,0,5,0,2,1,3,46,1,0,10,0,3,0,0,17,18,4,1,25,2,0,0,2,0
0,0,0,0,1,0,0,0,0,0,0,1,4,0,0,0,0,3,1,0,0,0,0,0,0,0,0,5,2,0,0,0,10,0,0,0,0,0,11,0,1,0,0,0,0,0,0,0,1,0,0,0,0,0,0,0,0,0,0,0,0,0,0,0,0,0,0,0,19,0,1,0,0,0,0,0,1,4,0,0,0,0,0,1,0,4,2,0,1,0,0,0,2,0,0,0,1,0,0,2
2,0,7,3,0,2,9,1,31,56,0,0,0,0,0,1,0,0,0,0,0,0,1,8,0,12,0,0,0,0,40,8,0,1,2,44,0,12,0,12,0,0,0,0,0,3,2,2,0,0,0,2,0,0,0,19,7,0,0,84,1,0,0,0,1,5,7,0,0,1,0,1,0,25,0,1,0,0,0,4,0,13,0,0,0,0,0,0,0,0,1,2,0,0,0,14,0,0,0,0
0,5,1,0,80,0,1,0,0,0,1,7,4,0,0,0,3,1,5,10,1,3,3,0,4,0,0,4,4,0,0,0,9,0,0,1,0,0,8,0,18,1,4,2,5,0,0,0,2,18,0,5,0,10,1,0,0,1,0,0,13,1,0,3,0,0,0,0,8,1,6,0,6,1,0,1,2,23,12,8,2,1,3,9,0,24,8,0,8,0,1,11,71,0,6,0,2,0,13,3
0,34,0,0,10,1,0,0,0,0,0,3,31,2,0,0,7,58,24,2,2,6,0,0,12,0,0,63,6,1,0,0,78,0,1,0,0,0,97,0,18,0,3,8,5,1,0,0,6,2,0,1,1,5,0,0,1,0,0,0,3,2,0,0,2,0,0,1,218,1,1,0,2,0,0,0,5,29,13,0,0,0,1,7,0,10,10,0,7,0,0,1,11,0,2,0,30,1,2,9
0,2,0,0,5,2,4,13,0,0,0,12,1,0,0,0,3,1,3,91,0,0,25,0,3,0,0,0,0,0,0,0,1,0,0,0,0,2,1,0,5,0,52,0,2,0,1,0,14,4,10,4,0,25,0,0,0,0,0,0,15,0,0,1,0,0,0,0,0,4,2,7,9,1,0,0,0,6,0,3,3,1,30,2,0,8,0,5,1,0,11,15,9,1,20,1,2,0,0,0
0,3,0,0,25,0,0,0,0,0,0,1,1,0,0,0,2,0,1,0,0,2,0,0,1,1,0,0,0,0,0,0,5,0,0,0,0,1,2,0,11,0,0,1,3,0,0,0,1,4,0,0,0,6,0,0,0,0,0,0,9,0,0,0,1,1,1,2,1,0,7,1,3,1,0,0,1,5,3,3,2,0,0,6,0,11,1,0,0,0,2,4,29,0,1,1,1,0,5,0
0,1,0,0,5,0,0,0,0,0,0,1,0,0,0,0,0,0,1,0,0,0,2,0,0,0,0,2,0,0,0,0,1,0,0,0,0,0,0,0,3,0,1,0,1,1,0,0,0,2,0,2,0,1,0,0,0,0,0,0,2,0,0,0,0,0,0,1,0,1,0,0,0,0,0,0,1,1,1,1,1,0,0,2,0,2,0,0,1,0,0,4,7,0,2,0,0,0,4,0
1,7,0,1,149,0,0,3,1,0,0,13,7,0,0,0,3,4,17,8,1,4,2,0,5,0,0,11,3,0,0,0,13,1,1,1,1,0,7,0,41,0,8,2,15,3,2,1,10,25,0,1,0,28,1,1,0,3,1,0,21,1,0,0,0,0,2,4,6,0,18,0,11,0,1,0,3,48,15,10,0,1,2,16,0,69,0,1,10,0,2,23,132,1,5,2,5,0,37,2
0,7,0,1,105,0,0,1,0,0,0,11,4,0,0,0,3,3,8,5,3,2,2,0,4,2,0,4,1,0,0,1,12,0,1,0,1,1,4,0,35,2,8,5,13,3,1,0,4,26,0,2,1,27,2,0,1,0,0,0,18,1,0,2,3,0,3,0,3,2,12,1,8,2,0,1,5,33,13,18,9,0,3,20,0,61,9,0,10,0,2,14,94,0,5,0,4,2,19,4
0,1,0,0,24,0,0,0,0,0,0,1,0,0,0,0,0,0,3,0,0,2,3,0,0,0,0,0,0,0,0,0,3,0,1,0,0,0,2,0,3,0,2,0,2,1,1,0,2,6,0,2,0,4,0,0,1,0,0,0,1,1,0,0,0,0,0,1,0,0,3,0,1,0,1,0,0,8,2,0,1,0,0,6,0,13,1,0,5,0,0,3,22,1,1,1,0,0,2,0
2,0,5,4,2,10,20,11,5,11,0,14,0,0,0,0,0,0,0,4,0,0,2,0,0,16,0,0,0,0,9,3,0,1,2,1,0,36,0,1,2,0,2,0,0,7,109,2,0,5,5,16,0,3,0,4,9,0,0,5,9,0,0,1,0,1,28,0,0,51,1,11,1,21,0,1,0,1,3,4,9,49,0,6,0,2,0,8,1,0,7,12,4,1,0,22,0,0,2,0
0,0,3,3,0,1,6,5,0,4,0,5,0,0,0,0,0,0,0,1,0,1,2,0,0,4,0,0,0,1,2,0,0,1,0,0,0,17,0,0,0,0,0,0,0,5,34,2,0,2,4,3,0,2,0,3,3,0,0,3,2,0,0,0,1,1,15,0,0,11,2,2,0,6,0,0,0,0,0,1,0,16,1,1,0,0,0,2,0,0,2,2,0,0,0,4,0,1,0,0
0,3,0,0,55,0,0,1,0,0,1,6,1,0,0,1,2,3,2,1,0,3,3,0,1,0,0,5,1,0,0,0,5,0,0,0,0,1,1,0,27,0,4,3,7,2,0,0,1,9,0,1,0,18,0,0,0,1,0,0,14,0,0,0,0,0,0,2,0,0,9,0,2,0,0,0,1,13,6,3,3,0,1,12,0,22,2,1,6,0,1,6,57,1,5,0,0,0,7,0
9,0,6,6,0,3,4,0,16,62,0,2,0,0,0,0,0,0,0,0,0,0,1,6,0,3,0,0,0,0,35,4,0,3,2,37,1,16,0,10,0,0,0,0,0,4,7,4,0,0,0,3,0,0,1,16,4,0,0,71,0,0,0,0,1,2,10,0,0,5,0,0,0,32,0,0,0,0,0,1,1,13,0,0,0,0,0,2,0,0,2,0,0,0,0,26,0,0,0,0
0,1,0,1,2,0,0,8,0,0,0,6,0,0,0,0,1,1,2,35,0,0,19,0,1,1,0,2,0,0,0,0,2,0,0,1,0,1,0,0,2,0,24,0,0,1,2,0,3,3,7,0,0,7,0,0,2,0,0,1,8,0,0,0,0,0,0,1,0,3,1,2,8,0,0,0,0,4,0,1,0,1,12,2,0,6,0,3,1,0,10,16,3,1,3,0,1,1,0,0
0,0,3,1,1,4,37,9,5,4,0,12,0,0,0,0,0,0,0,3,0,0,0,0,0,14,0,0,0,0,3,0,0,2,1,3,0,15,0,0,0,0,2,0,0,11,66,1,0,2,6,14,0,1,1,1,9,0,1,6,7,0,0,0,0,0,28,0,1,28,1,4,0,18,0,0,0,0,0,4,6,34,0,4,0,1,0,6,0,0,7,6,1,0,1,11,0,0,2,1
0,0,3,4,1,3,2,0,18,27,0,0,0,0,0,0,0,0,0,0,0,0,0,6,0,6,1,0,0,0,31,2,0,1,2,30,0,14,0,8,0,0,0,0,0,4,5,3,0,0,0,1,0,0,0,11,2,0,1,49,0,0,0,0,0,2,5,0,0,5,1,1,0,15,0,0,0,0,0,0,2,10,0,0,0,0,0,0,0,0,0,1,0,0,0,9,0,0,0,0
0,14,0,1,118,0,0,1,1,0,0,12,4,0,0,0,2,2,10,7,0,4,2,0,3,1,0,5,1,1,1,0,13,0,1,0,1,0,8,0,36,1,8,1,11,0,0,1,9,23,1,3,0,37,0,1,0,2,0,0,15,0,0,4,1,0,0,1,5,0,19,1,19,0,0,0,2,29,8,13,4,2,3,29,0,58,5,1,9,1,3,17,104,0,4,0,0,0,17,1
0,9,1,0,112,1,0,1,0,0,0,7,4,0,0,0,2,6,4,6,1,4,4,0,3,0,0,12,0,0,0,0,13,0,1,0,1,0,11,0,41,0,9,5,9,2,3,1,10,15,3,5,0,21,3,1,0,1,0,1,18,1,0,0,2,0,0,1,6,0,13,2,12,2,0,0,2,32,10,8,3,2,0,14,0,61,5,0,7,1,0,14,103,0,16,2,2,3,15,0
0,8,0,0,97,1,0,1,0,0,0,8,6,0,0,0,4,2,9,9,0,4,4,0,3,1,0,5,3,0,0,0,16,0,1,0,0,0,7,0,35,0,8,3,11,1,1,0,7,18,1,4,0,32,0,1,0,4,0,0,11,0,0,1,0,0,0,4,14,1,9,0,12,1,0,0,2,46,18,6,4,0,3,15,0,48,6,0,10,0,1,15,113,3,3,3,3,2,24,2
0,22,0,0,15,0,0,0,0,0,1,0,17,1,0,0,9,58,16,1,1,8,0,0,11,0,0,47,7,0,0,0,61,0,1,0,0,0,100,0,20,1,3,5,3,0,0,0,5,4,0,2,0,3,0,0,0,0,0,0,2,1,0,2,0,0,0,1,211,0,2,0,6,0,0,0,4,36,7,1,1,0,0,0,0,7,9,0,4,0,0,1,7,1,4,1,26,1,6,5
0,20,0,0,9,1,0,0,0,0,2,1,15,0,0,0,6,42,14,0,1,7,1,0,8,0,0,49,5,0,0,0,43,0,1,0,0,0,85,0,9,0,2,7,3,0,0,0,2,1,1,0,2,0,0,0,0,0,0,0,1,0,0,0,1,0,0,0,150,0,3,0,5,0,0,0,5,14,3,0,0,0,0,1,0,7,3,0,6,0,1,0,9,1,5,0,24,2,4,4
0,1,0,0,3,0,0,7,0,1,0,3,0,0,0,0,2,1,2,35,0,0,16,0,0,1,0,0,0,0,1,0,0,0,0,0,0,2,0,0,2,0,11,0,0,0,3,0,6,0,7,0,0,13,0,0,0,0,0,0,3,0,0,0,0,0,0,0,1,0,1,2,6,0,0,0,1,1,2,3,0,0,12,2,0,2,0,4,0,0,1,7,1,0,7,0,0,0,1,0
0,5,1,0,62,0,0,1,0,0,0,8,1,0,0,0,2,1,7,5,0,1,2,0,1,2,0,3,1,0,1,0,11,1,0,0,1,0,1,1,34,1,3,3,7,4,2,1,1,8,1,2,0,17,1,0,0,0,0,0,11,1,0,0,1,0,1,3,1,0,6,0,6,0,0,0,0,13,10,7,1,0,0,11,0,24,2,0,7,0,0,6,50,2,3,0,2,0,10,1
0,9,0,0,1,0,0,0,0,0,0,1,10,0,0,0,6,17,11,1,1,3,0,0,6,0,0,32,2,0,0,0,23,0,0,0,0,0,33,0,7,0,0,0,2,1,0,0,2,0,0,0,0,1,0,0,0,0,0,0,2,0,0,1,0,0,0,1,74,0,2,0,8,0,0,0,2,19,2,0,0,0,0,5,0,2,3,0,2,0,0,3,4,0,1,0,9,0,1,2
0,26,0,1,10,0,0,0,0,0,0,2,25,4,0,0,7,44,23,1,3,4,2,0,9,0,0,57,10,0,0,0,68,0,0,0,0,0,116,0,19,1,3,4,4,0,0,0,2,1,0,0,0,4,0,0,0,1,0,0,1,2,0,1,0,0,0,0,218,0,1,0,6,0,2,0,4,28,9,3,0,0,1,1,0,10,10,0,8,0,1,3,12,0,3,0,33,1,4,3
0,1,0,0,2,0,0,1,0,0,0,1,3,0,0,0,2,11,13,1,1,4,0,0,0,0,0,10,0,0,0,0,19,0,0,0,0,0,23,0,7,0,2,3,1,0,0,0,2,0,0,0,0,1,0,0,0,0,0,0,2,0,0,0,0,0,0,0,59,0,0,0,0,0,0,0,2,9,1,1,0,0,0,1,0,2,5,0,5,0,0,0,2,0,0,0,6,1,0,1
4,0,7,6,0,0,12,1,34,79,0,2,0,0,2,0,0,0,0,0,0,0,1,5,0,20,1,0,0,0,51,10,0,0,0,51,0,17,0,5,0,0,0,0,0,3,18,8,0,0,0,0,0,0,0,25,3,0,0,125,0,0,0,0,0,3,21,1,0,10,1,1,0,28,0,0,0,0,1,4,1,20,0,1,0,0,0,1,0,0,0,1,0,0,0,23,0,0,0,0
0,0,0,0,2,0,0,0,0,0,0,0,1,0,0,0,1,0,0,0,0,0,0,0,0,0,0,2,0,0,0,0,3,0,0,0,0,0,3,0,1,0,0,0,0,0,0,0,0,0,0,0,0,0,0,0,0,0,0,0,0,0,0,0,0,0,0,0,12,0,0,0,0,0,0,0,0,0,0,0,0,0,0,0,0,1,0,0,0,0,0,0,1,0,0,0,0,0,0,0
0,4,1,0,61,0,1,0,1,0,0,12,2,2,0,0,2,2,3,1,0,4,1,0,4,0,0,6,0,0,0,0,13,0,1,0,1,1,6,0,23,0,5,0,10,0,0,0,5,18,0,1,0,14,0,0,0,0,0,0,11,1,0,2,0,0,1,2,1,0,7,1,10,0,0,0,2,14,7,1,3,0,0,13,0,38,3,0,7,0,2,6,64,3,3,0,0,1,11,1
0,4,0,0,53,0,1,1,0,0,1,4,2,0,0,1,1,5,6,2,0,0,1,0,2,1,0,4,2,0,0,0,7,0,0,0,0,0,2,1,18,0,2,3,6,0,2,0,2,6,1,4,0,12,1,0,0,1,0,0,11,0,0,0,1,0,0,0,2,0,6,0,3,0,0,0,5,11,12,9,1,0,0,10,0,19,2,0,1,0,0,8,39,0,2,1,1,1,7,0
1,0,3,4,1,7,16,7,2,7,0,9,0,0,0,0,0,0,0,2,1,0,4,1,0,15,0,0,0,0,8,0,0,1,3,2,0,19,0,0,1,0,1,0,0,13,77,2,2,5,2,14,0,2,1,2,8,0,1,9,4,0,0,0,1,0,18,0,0,27,0,6,1,15,0,0,0,0,1,9,1,51,4,3,0,0,0,6,0,0,7,6,0,0,0,9,0,0,1,1
3,1,5,3,7,15,28,19,9,23,0,21,0,0,1,0,0,0,0,11,0,0,7,1,0,22,0,1,0,1,16,0,1,3,4,7,0,72,0,1,2,0,1,0,0,9,126,3,0,14,5,16,0,2,0,11,14,0,1,20,9,0,0,0,0,2,35,0,0,48,2,6,2,33,0,0,0,2,1,10,3,67,3,6,0,1,1,7,0,0,13,12,1,2,1,19,0,0,5,0
0,3,0,0,2,0,0,0,0,0,0,0,0,0,0,0,0,4,3,0,0,1,0,0,0,0,0,6,1,0,0,0,10,0,0,0,0,0,9,0,1,1,0,0,2,0,0,0,0,1,0,0,0,0,0,0,0,1,0,0,0,0,0,0,0,0,0,0,24,0,0,0,1,0,0,0,2,1,1,1,0,0,0,1,0,1,0,0,0,0,0,0,0,0,0,0,2,0,0,1
1,4,0,0,77,0,0,2,0,0,1,11,4,0,0,0,1,3,10,6,0,2,6,0,3,1,0,5,0,0,0,0,5,0,1,0,0,1,4,0,29,0,4,6,6,1,2,0,4,19,0,3,0,25,0,0,0,0,0,0,10,2,0,0,1,0,0,1,3,1,7,1,7,1,0,0,0,24,3,5,2,3,1,9,0,45,2,0,10,1,1,15,73,1,3,0,3,3,11,0
0,6,1,0,59,0,0,1,1,0,0,5,2,1,0,1,2,2,5,6,0,2,3,0,0,2,0,4,3,0,0,0,2,0,0,0,0,0,3,0,18,0,3,2,4,0,1,0,4,9,0,5,0,19,2,0,0,1,0,0,15,0,0,0,1,1,0,0,2,0,9,0,6,1,0,0,3,22,9,8,3,1,0,6,0,18,2,0,2,0,2,10,59,0,4,0,2,1,12,0
0,0,0,0,2,0,0,2,0,0,0,2,0,0,0,0,0,0,0,12,0,0,4,0,1,1,0,0,0,0,0,0,0,0,0,0,0,0,0,0,0,0,10,0,0,0,0,0,5,0,2,1,0,1,0,0,1,0,0,0,1,0,0,0,0,0,0,0,0,1,0,2,1,0,0,0,0,1,0,2,0,1,6,1,0,2,0,2,0,0,0,4,0,0,6,0,0,0,0,0
0,13,0,0,2,0,0,0,0,0,1,1,9,1,0,0,4,22,8,1,3,4,1,0,3,0,0,29,3,0,0,0,28,0,0,0,0,0,54,0,8,0,1,1,2,0,0,0,1,0,0,1,0,3,0,0,0,0,0,0,1,3,0,1,1,0,0,0,95,0,0,0,3,0,0,0,0,14,4,1,0,0,0,0,0,4,3,0,6,1,0,1,4,0,1,0,10,1,4,3
0,9,0,0,81,0,2,1,0,0,0,7,3,1,0,0,2,1,8,2,0,2,5,0,7,2,0,9,1,0,0,0,16,0,3,0,0,1,7,0,35,1,11,3,2,3,1,0,5,20,0,3,0,25,1,0,0,1,0,2,25,0,0,2,3,0,2,1,5,0,12,4,9,0,0,0,3,39,12,5,3,2,3,16,0,57,5,0,13,1,2,15,109,3,11,1,2,1,23,1
0,0,0,0,6,3,3,13,0,1,0,14,0,0,0,1,1,0,5,93,0,0,41,0,2,0,0,1,0,0,0,0,2,1,0,0,0,2,0,0,3,0,34,0,1,1,2,0,15,13,9,3,0,20,0,0,2,0,0,1,12,0,0,0,0,0,0,0,0,4,0,7,9,0,0,0,0,3,1,2,0,1,33,0,0,10,0,5,0,0,13,16,1,0,17,0,0,0,2,0
4,0,4,5,0,1,3,0,21,41,0,0,0,0,1,1,0,0,0,1,0,0,0,2,0,7,0,0,0,0,31,4,0,0,2,28,0,7,0,4,0,0,1,0,0,1,11,4,0,1,0,3,0,2,0,13,4,0,0,72,0,0,0,0,0,1,16,0,0,7,1,1,0,19,0,0,0,0,0,1,0,9,0,0,0,0,0,1,0,0,1,1,0,0,0,11,0,0,1,0
0,2,0,0,25,1,0,0,1,0,0,3,0,0,0,0,0,1,3,3,0,0,1,0,0,2,1,0,0,0,0,0,4,0,1,0,0,0,0,0,6,0,1,3,1,0,0,0,3,3,0,0,0,7,0,0,0,0,0,0,2,0,0,0,0,0,0,1,0,1,5,1,3,0,0,0,1,8,0,0,0,0,0,7,0,10,0,0,1,0,0,1,16,0,3,0,1,0,2,0
0,0,0,0,0,0,0,0,1,0,0,0,0,0,0,0,0,0,0,0,0,0,0,0,0,0,0,0,0,0,0,0,0,0,0,0,0,1,0,0,0,0,0,0,0,1,0,0,0,1,0,0,0,0,0,0,1,0,0,0,0,0,0,0,0,0,0,0,0,0,0,0,0,0,0,0,0,0,0,0,0,5,0,0,0,0,0,0,0,0,0,0,0,0,0,0,0,0,0,0
1,1,0,0,0,0,5,3,1,7,0,5,0,0,0,0,0,0,0,1,0,0,2,1,0,7,0,0,0,0,3,0,0,2,0,2,0,5,0,0,0,0,3,0,0,3,32,0,1,9,0,4,0,1,0,0,3,0,0,1,2,0,0,0,0,0,9,0,1,13,0,1,0,5,0,0,0,0,0,6,1,14,1,0,0,1,0,1,1,0,5,2,1,1,1,3,0,0,1,0
0,0,1,0,3,0,1,14,0,0,0,15,0,0,0,0,1,2,3,79,0,0,32,0,2,2,0,1,0,0,0,0,1,1,0,0,0,1,0,0,10,0,55,0,2,0,2,1,6,7,10,2,0,21,0,0,0,0,0,0,11,0,0,0,0,0,2,0,0,4,2,8,11,1,0,0,0,2,0,2,2,2,20,0,0,6,0,6,1,0,12,18,9,0,15,0,1,0,4,0
0,16,0,0,9,0,0,0,0,0,0,0,14,2,0,0,13,47,16,0,4,8,1,0,5,0,0,66,3,0,0,0,54,0,0,0,0,0,106,0,8,1,2,5,8,0,1,0,4,3,0,0,0,3,0,1,0,1,0,0,3,2,0,0,2,0,0,1,190,0,6,0,3,0,0,0,4,20,5,1,0,0,1,3,1,9,10,0,5,1,0,0,14,0,2,0,24,2,3,8
0,8,0,0,13,0,0,1,0,0,0,0,17,1,0,0,6,43,14,1,3,9,0,0,7,0,0,35,3,0,1,0,47,0,0,0,0,0,80,0,10,1,1,1,2,0,1,0,1,1,0,1,0,2,0,0,0,2,0,0,1,1,0,1,0,0,0,1,157,0,1,0,4,0,0,0,3,21,4,1,0,0,0,3,0,6,6,0,8,0,0,2,10,2,1,0,34,1,5,8
0,2,0,0,5,4,0,16,0,0,0,14,1,1,0,0,1,1,3,83,0,1,54,1,1,1,0,1,0,0,0,0,2,2,0,0,0,0,2,0,2,0,53,0,1,0,3,0,11,8,13,1,0,21,0,1,6,0,0,0,18,0,0,0,1,0,1,0,1,2,1,10,10,0,0,0,0,7,2,2,4,5,27,2,0,14,0,7,0,0,16,18,4,1,20,1,0,0,4,0
1,0,9,4,1,10,40,17,15,17,0,15,0,0,0,0,0,0,1,6,0,0,2,1,0,17,0,0,0,0,6,3,0,5,1,8,0,54,1,2,0,0,3,0,2,14,146,5,0,8,15,22,0,3,1,7,10,0,0,8,6,1,0,0,0,1,35,0,0,53,4,6,0,30,0,1,0,2,2,10,7,77,4,1,0,4,0,13,1,0,17,8,2,1,0,24,0,0,4,0
4,0,7,7,0,12,21,7,3,14,0,12,0,0,0,0,0,0,1,0,0,0,6,0,1,18,0,0,0,0,11,1,0,6,1,2,0,39,1,0,0,0,2,0,2,8,87,1,0,7,9,11,0,2,0,6,9,0,0,9,5,0,0,0,0,1,43,0,0,39,3,8,0,29,0,1,0,1,0,8,5,56,3,5,0,2,2,6,1,0,12,8,5,0,2,14,0,0,4,0
0,4,0,0,23,0,0,0,0,0,0,2,2,0,0,0,1,0,1,4,0,2,1,0,0,1,0,4,0,0,0,0,0,0,0,0,0,0,2,0,5,0,2,1,2,1,0,0,1,6,0,0,0,8,0,0,0,1,0,0,5,0,0,0,1,0,0,1,0,1,1,0,2,1,0,0,0,10,3,2,0,0,0,6,0,23,2,0,3,0,0,3,24,0,0,0,1,0,8,0
1,5,0,0,118,0,1,4,0,0,0,13,4,0,0,0,6,2,12,5,0,4,1,0,2,1,0,11,2,0,0,0,15,1,1,0,0,1,9,0,34,0,14,4,9,0,0,0,8,24,4,3,0,27,0,0,0,3,0,0,20,0,0,0,1,0,1,0,4,3,18,0,8,1,0,1,6,37,17,15,6,1,3,16,0,57,4,1,15,0,3,19,104,0,7,0,3,1,17,1
0,9,0,0,88,1,1,1,0,0,1,14,0,0,0,0,1,7,9,11,0,4,1,0,4,0,0,7,2,0,1,0,14,0,0,0,0,1,5,0,29,0,7,1,10,1,4,0,5,18,0,5,0,20,0,0,0,0,1,0,18,2,1,1,2,0,3,1,7,2,14,0,7,1,0,0,1,29,8,9,1,1,3,20,0,47,5,1,6,0,1,13,92,1,9,0,1,3,17,0
1,2,0,0,14,5,4,24,0,1,0,24,1,0,0,0,2,2,9,174,0,0,74,0,5,1,0,0,0,0,2,1,2,0,0,0,0,1,1,0,9,0,79,0,1,0,7,0,27,13,24,4,0,41,0,0,6,0,0,0,21,0,0,1,0,0,2,0,4,8,1,18,28,2,0,0,0,16,1,6,2,4,72,4,0,13,1,11,1,0,21,21,11,0,34,0,0,0,2,0
0,0,0,0,1,1,0,0,0,0,0,1,0,0,0,0,0,0,0,6,0,0,2,0,0,0,0,0,0,0,0,0,1,0,0,0,0,0,0,0,0,0,7,0,0,0,0,0,0,0,0,1,0,3,0,0,0,0,0,0,2,0,0,0,0,0,0,0,0,0,0,2,1,0,0,0,0,0,0,0,0,0,1,1,0,1,0,1,0,0,1,1,1,0,0,1,0,0,1,0
0,3,1,0,5,1,0,11,1,1,0,14,1,0,0,0,1,0,2,79,0,0,25,0,2,1,0,1,0,0,0,0,2,0,0,0,0,0,0,1,6,0,33,0,0,1,4,0,14,7,8,5,0,16,0,0,2,0,0,1,6,0,0,0,0,0,2,0,0,3,1,8,6,0,0,0,0,2,1,2,0,0,24,4,0,12,0,1,1,0,11,22,4,0,25,0,1,0,0,0
1,0,2,2,0,11,26,12,2,11,0,8,1,0,0,2,0,0,0,1,0,0,4,0,0,16,0,0,0,1,6,2,0,2,3,2,0,33,0,0,0,0,1,0,2,7,75,1,2,7,9,13,0,1,0,4,10,0,0,5,4,0,0,0,1,2,23,1,0,45,0,6,2,16,0,0,0,0,0,7,6,48,1,4,0,3,0,7,0,0,6,10,0,0,0,15,0,0,0,0
1,0,6,1,2,5,14,6,2,6,0,6,0,0,0,0,0,0,0,0,0,0,5,0,0,7,0,0,0,2,1,1,0,1,1,5,0,19,0,0,1,0,2,0,0,5,43,0,0,4,3,12,0,2,1,9,5,2,0,4,1,0,0,0,0,1,24,1,0,28,0,4,0,10,0,1,0,0,2,5,2,24,0,2,0,0,0,5,1,0,5,1,1,1,0,8,0,0,1,0
0,2,0,0,1,2,3,13,0,0,0,15,0,0,0,0,1,1,4,74,0,0,45,0,2,1,0,1,0,0,1,0,2,1,0,0,0,0,0,0,6,0,41,0,2,1,0,0,12,5,9,2,0,15,0,0,1,0,0,1,11,0,0,0,0,0,0,0,1,1,0,14,12,1,1,0,0,2,1,3,1,4,29,1,0,9,1,4,2,0,13,17,5,0,23,1,2,0,3,0
3,0,4,4,0,16,29,7,10,13,0,20,0,0,0,0,0,0,0,6,0,0,4,1,0,22,0,1,0,0,10,1,0,6,1,6,0,42,0,4,0,0,1,0,0,14,99,1,0,9,3,15,0,1,1,4,11,0,0,2,10,0,0,1,0,1,35,0,0,42,1,13,3,33,0,2,0,2,1,13,9,76,1,8,0,3,0,7,0,0,14,13,5,0,0,22,1,0,1,0
0,2,0,0,5,2,3,22,1,0,0,13,0,0,0,0,2,1,4,115,0,0,51,0,4,2,0,0,0,0,2,0,4,0,1,0,0,3,0,0,9,0,67,0,1,1,3,0,22,10,17,2,0,35,0,0,1,1,0,0,17,0,0,0,0,0,1,0,1,5,2,10,19,1,0,0,0,4,0,2,1,2,35,5,0,8,0,4,1,0,21,27,3,1,23,1,2,2,4,0
0,2,0,0,7,4,0,14,1,0,0,25,0,0,0,0,1,2,4,151,0,0,72,1,5,3,0,3,0,0,3,0,2,0,0,0,0,2,1,0,13,0,70,0,2,4,4,0,29,7,10,7,0,45,0,2,0,0,0,1,9,0,0,1,0,0,2,1,3,5,3,12,19,2,0,0,0,4,1,1,1,4,65,5,0,16,0,4,0,0,22,28,6,1,30,0,1,0,4,0
0,2,7,1,1,12,28,15,8,17,0,14,0,0,0,0,0,0,1,4,0,0,5,1,0,25,0,0,0,0,9,2,2,2,2,5,0,33,0,0,1,0,1,2,0,21,99,5,1,12,8,10,0,6,1,2,12,0,0,14,5,0,0,0,1,0,43,0,0,42,4,5,0,28,0,1,0,0,0,6,8,66,2,2,0,0,0,5,1,0,6,6,1,1,2,20,0,0,4,0
0,0,0,0,4,1,0,4,0,0,0,1,1,0,0,0,0,0,1,18,0,0,8,0,1,1,0,0,0,0,0,0,1,0,0,0,0,0,0,0,3,0,13,1,0,0,0,0,0,1,3,0,0,2,0,1,0,0,0,0,1,0,0,0,0,0,0,0,0,0,0,0,1,1,0,0,0,0,0,1,0,0,7,1,0,2,0,0,0,0,3,3,0,0,2,0,0,0,0,0
0,17,0,1,12,0,0,1,0,0,0,1,28,1,0,0,11,67,16,1,2,12,2,0,8,0,0,66,7,0,0,0,57,0,0,0,0,0,96,0,29,0,2,2,4,0,1,0,3,4,0,1,0,5,0,0,0,0,0,0,3,2,1,0,2,0,0,1,222,0,1,0,7,0,0,0,4,25,4,3,1,0,0,3,1,12,10,0,8,1,0,1,5,0,4,0,29,4,4,7
4,0,3,1,2,9,25,11,8,15,0,18,0,0,0,0,0,0,1,4,0,0,1,0,0,22,0,0,0,0,12,4,0,4,0,5,0,30,0,2,1,0,2,0,1,7,93,0,0,9,6,16,0,0,0,6,16,0,0,8,5,0,0,0,1,1,33,0,1,47,3,8,0,19,0,0,0,0,0,3,6,45,3,0,0,2,0,4,0,0,12,8,3,0,0,17,0,0,2,0
0,1,0,0,1,0,0,0,0,0,0,0,0,0,0,0,0,0,0,5,0,0,3,0,0,1,0,0,0,0,0,0,0,0,0,0,0,0,0,0,0,0,1,0,0,0,0,0,1,1,1,0,0,1,0,0,0,0,0,0,2,0,0,0,0,0,0,0,0,0,0,1,0,0,0,0,0,0,0,0,0,0,0,0,0,0,0,0,0,0,2,0,0,0,0,0,0,0,0,0
1,0,1,4,0,0,3,0,8,13,0,1,0,0,0,0,0,0,0,0,0,0,0,2,0,0,0,0,0,0,8,2,0,0,2,10,0,3,0,4,0,0,0,0,0,0,1,7,0,0,1,2,0,0,1,6,0,0,0,16,0,0,0,0,0,1,1,0,0,1,1,0,0,6,0,0,0,0,0,0,1,0,0,0,0,0,0,0,0,0,0,0,0,0,0,4,0,0,1,0
0,6,0,1,91,0,0,1,1,0,2,10,6,0,0,0,2,5,9,8,0,1,8,0,0,0,0,8,2,1,1,0,10,0,0,0,0,0,6,0,44,0,8,4,10,1,0,0,1,11,2,3,0,26,0,1,0,0,0,0,14,1,0,0,3,0,1,3,10,0,18,1,4,0,0,0,5,26,17,4,3,0,3,16,0,45,3,0,15,0,1,19,82,4,3,1,1,2,23,2
0,4,0,0,2,0,0,0,0,0,0,0,3,1,0,0,1,14,5,0,0,2,0,0,2,0,0,10,1,0,0,0,3,0,0,0,0,0,16,0,5,0,2,1,0,0,0,0,0,0,0,0,0,0,0,0,0,1,0,0,0,0,0,0,0,0,1,0,30,0,0,0,3,0,0,0,1,5,2,0,0,0,0,0,0,1,1,0,2,0,0,0,1,0,0,0,1,0,2,0
0,0,0,1,3,2,0,10,0,0,0,10,0,0,0,0,2,1,0,59,0,0,27,0,0,0,0,1,0,0,0,0,2,2,0,0,0,0,0,0,3,0,30,1,0,2,3,0,5,5,13,1,0,8,0,0,0,0,0,0,10,0,0,1,0,0,0,0,1,1,1,12,10,2,0,0,0,2,0,1,1,1,27,1,0,8,0,2,0,0,12,12,4,0,13,1,0,0,0,0
0,0,0,0,0,0,0,0,0,0,0,1,1,0,0,0,1,0,0,0,0,0,0,0,0,0,0,3,0,0,0,0,2,0,0,0,0,0,2,0,1,0,0,0,0,0,0,0,0,0,0,0,0,0,0,0,0,0,0,0,0,0,0,0,0,0,0,0,8,0,0,0,0,0,0,0,0,0,0,0,0,0,0,0,0,0,0,0,0,0,0,0,1,0,0,0,0,0,0,0
0,1,0,0,28,0,0,0,0,0,0,2,1,0,0,0,0,1,6,0,0,1,0,0,1,0,0,3,0,0,0,0,3,0,1,0,0,0,1,0,8,0,5,1,5,0,0,0,3,8,0,0,0,6,0,0,0,0,0,0,5,0,0,0,1,0,0,0,0,0,4,0,2,0,0,0,1,11,3,4,2,0,3,9,0,11,3,0,2,0,0,8,32,2,1,1,1,0,4,0
0,18,0,0,7,0,0,0,0,0,0,0,17,0,0,0,7,43,14,1,5,4,1,0,3,0,0,46,7,0,0,0,45,0,1,0,0,0,89,0,14,0,2,5,3,0,0,0,1,0,0,0,0,1,0,1,0,1,0,0,2,0,1,1,1,0,0,1,152,1,2,0,5,0,0,0,5,14,7,2,1,0,2,3,0,8,5,0,4,0,2,0,13,0,2,0,22,3,3,1
0,0,1,1,0,1,5,0,0,0,0,4,0,0,0,0,0,0,0,0,0,0,1,0,0,5,0,0,0,0,3,0,0,0,0,0,0,8,0,1,0,0,1,0,0,2,15,0,0,2,1,1,1,0,0,1,1,0,0,1,0,0,0,0,0,1,2,0,0,3,0,0,0,5,0,0,0,0,0,3,0,8,1,2,0,0,0,2,0,0,1,0,0,0,0,2,0,0,0,0
4,0,4,5,1,11,33,16,8,18,0,25,0,0,1,1,2,0,2,7,0,0,3,4,1,28,0,0,1,1,23,5,0,5,1,5,0,55,0,0,1,0,4,0,1,16,130,4,0,7,12,17,0,3,1,6,15,0,0,13,14,0,0,0,0,1,53,0,0,58,3,11,2,27,1,0,0,1,2,9,10,75,4,3,0,1,0,10,1,0,16,13,1,2,1,35,0,0,6,0
0,5,0,0,9,2,4,17,0,0,0,18,0,0,0,0,1,1,4,127,0,1,65,0,5,1,0,1,0,0,1,0,3,1,1,1,0,2,0,0,7,0,55,3,4,1,5,0,19,13,16,2,0,29,0,0,0,0,0,0,19,0,1,0,0,0,4,0,0,7,1,11,6,1,0,0,0,5,0,3,3,3,45,7,0,18,0,7,1,0,22,20,13,0,36,0,1,0,5,0
0,0,0,0,0,0,0,2,0,0,0,1,0,0,0,0,0,0,0,9,0,0,3,0,2,0,0,0,0,0,0,0,2,0,0,0,0,0,0,0,1,0,7,0,1,0,2,0,1,2,2,0,0,1,0,0,0,0,0,0,2,0,0,0,0,0,0,0,0,0,0,1,0,0,0,0,0,1,0,0,1,0,2,0,0,0,0,1,0,0,3,2,1,0,1,0,0,0,0,0
4,0,4,10,0,2,9,2,28,49,0,0,0,0,1,0,0,0,0,0,0,0,2,2,0,7,0,0,0,0,38,1,0,2,1,29,0,10,0,8,0,0,0,0,0,6,2,3,0,0,1,3,0,0,0,11,1,1,1,74,1,0,0,0,0,1,8,1,0,3,1,1,0,24,0,1,0,0,0,1,6,8,0,0,0,0,0,1,0,0,0,0,0,0,0,17,0,0,0,0
0,13,0,0,6,0,0,0,0,0,0,1,6,0,0,0,6,24,8,1,1,4,0,0,3,0,0,27,2,0,0,0,29,0,1,0,0,0,35,0,8,0,1,3,3,0,0,0,3,1,0,0,0,0,0,0,0,1,0,0,0,0,0,1,1,0,0,1,84,1,1,0,5,0,1,0,0,9,0,0,0,0,0,1,1,1,7,0,3,0,1,1,6,0,2,0,6,1,0,3
0,0,0,0,0,0,0,0,0,0,0,0,0,0,0,0,0,0,0,0,0,0,0,0,0,0,0,0,0,0,0,0,0,0,0,0,0,0,0,0,0,0,0,0,0,0,0,0,0,0,0,0,0,0,0,0,0,0,0,0,0,0,0,0,0,0,0,0,0,0,0,0,0,0,0,0,0,0,0,0,0,0,0,0,0,0,0,0,0,0,0,0,0,0,0,0,0,0,0,0
0,1,0,0,0,0,0,0,0,0,0,0,0,0,0,0,0,3,1,0,0,1,0,0,0,0,0,3,0,0,0,0,1,0,0,0,0,0,8,0,1,0,0,0,0,0,0,0,0,0,0,0,0,0,0,0,0,0,0,0,0,0,0,0,0,0,0,0,11,0,0,0,1,0,0,0,0,1,1,1,0,0,0,0,1,2,0,0,0,0,0,0,0,0,0,0,3,0,0,0
3,0,4,4,1,16,44,14,4,18,0,12,0,0,0,1,1,0,1,6,1,1,1,4,0,37,0,0,0,0,11,2,0,5,2,13,0,55,0,1,0,0,1,0,1,9,123,1,1,10,9,19,0,5,0,5,13,0,0,13,14,0,0,0,0,1,40,1,0,73,1,7,1,45,0,3,0,0,3,14,11,63,4,8,0,1,0,4,0,0,13,8,2,0,2,25,0,0,3,0
0,0,0,0,0,2,3,2,0,4,0,3,0,0,0,0,0,0,0,2,0,0,0,0,0,0,0,0,0,0,1,0,1,0,0,0,1,7,0,1,0,0,0,0,0,2,16,2,0,2,0,2,0,0,0,1,4,0,0,2,1,1,0,0,0,0,8,0,0,15,0,2,0,7,0,0,0,0,0,2,2,6,0,2,0,1,0,1,0,0,2,1,0,0,0,3,0,0,0,0
0,28,0,0,19,0,0,0,0,0,1,1,29,3,0,0,17,47,25,1,4,5,0,0,7,0,0,61,3,0,0,0,71,0,0,0,1,0,118,0,13,0,0,0,7,0,0,0,2,2,0,2,0,1,0,0,0,0,0,0,3,1,0,1,1,0,1,0,213,0,1,1,7,0,0,0,5,28,4,0,0,0,0,1,0,11,10,0,8,1,0,1,18,1,1,0,26,1,3,7
0,0,0,0,0,0,0,0,0,0,0,0,0,0,0,0,0,0,0,0,0,0,0,0,0,0,0,0,0,0,0,0,0,0,0,0,0,0,0,0,0,0,0,0,0,0,0,0,0,0,0,0,0,0,0,0,0,0,0,0,0,0,0,0,0,0,0,0,0,0,0,0,0,0,0,0,0,0,0,0,0,1,0,0,0,0,0,0,0,0,0,0,0,0,0,0,0,0,0,0
0,0,1,0,0,0,1,0,3,4,0,0,0,0,0,0,0,0,1,0,0,0,0,0,0,0,0,0,0,0,5,0,0,0,0,5,0,4,0,1,0,0,1,0,0,2,1,0,0,0,0,0,0,0,0,3,0,0,0,11,0,0,0,0,0,0,0,0,0,0,0,0,0,4,0,0,0,0,0,0,0,0,0,0,0,0,0,0,0,0,0,0,0,0,0,1,0,0,0,0
0,26,0,0,9,0,0,0,0,0,0,1,23,2,0,0,9,57,25,5,6,13,1,0,5,0,0,52,9,0,0,0,72,0,1,0,1,0,104,0,15,1,4,2,3,0,1,0,6,0,0,1,3,6,0,0,0,2,0,0,1,1,0,0,0,0,0,1,241,0,4,0,7,0,1,0,6,33,9,2,0,1,1,2,0,8,15,0,2,1,0,4,17,1,3,0,26,1,4,4
0,1,0,1,10,2,5,15,1,0,0,15,0,0,0,0,0,1,4,129,0,0,63,0,7,3,0,0,1,0,1,0,1,0,0,0,0,0,0,0,6,0,76,2,0,1,2,0,20,13,21,1,0,35,0,1,1,0,0,0,25,1,0,0,0,0,3,0,0,7,2,14,14,3,0,0,0,1,2,4,4,3,46,3,0,14,0,7,2,0,19,15,9,1,30,1,5,0,6,0
0,1,0,0,2,1,0,3,0,0,0,4,0,0,0,0,0,0,2,29,0,0,8,0,0,0,0,1,0,0,0,0,0,0,0,0,0,0,0,0,1,0,8,0,0,0,0,0,3,0,3,1,0,2,0,0,0,0,0,0,1,0,0,0,0,0,0,0,0,0,1,2,3,0,0,0,0,0,0,0,1,1,7,1,0,1,0,0,0,0,5,3,0,0,2,0,1,0,0,0
0,10,1,1,79,0,0,1,0,1,0,8,3,0,0,0,1,3,9,5,0,4,2,0,3,0,0,4,0,0,0,0,8,0,0,0,2,2,4,0,27,0,5,1,8,1,2,1,4,10,0,1,1,15,0,0,0,0,0,0,24,1,0,1,2,0,2,1,3,0,17,0,6,1,0,1,3,18,11,8,2,0,1,15,0,41,4,1,7,0,0,9,78,2,6,1,0,1,14,1
0,3,1,0,55,0,1,1,1,0,0,5,3,2,0,0,2,1,5,5,0,3,2,0,1,1,0,2,0,0,0,0,5,0,2,0,0,0,2,0,29,0,4,3,2,0,1,0,2,7,3,0,0,9,0,0,0,1,0,0,14,0,0,1,0,1,0,0,3,3,5,2,5,1,0,1,2,14,2,7,0,0,0,5,0,22,1,0,4,0,2,7,52,0,6,0,2,2,10,1
0,0,1,0,0,2,8,1,0,8,0,1,0,0,0,0,0,0,0,1,0,0,1,0,0,7,0,0,0,1,2,0,0,1,0,0,0,11,0,0,0,0,0,0,0,3,30,2,0,2,3,4,0,1,0,2,6,0,0,5,0,0,0,0,0,0,8,0,0,8,0,0,0,8,0,0,0,0,0,5,3,18,0,0,0,0,0,1,0,0,1,2,1,0,0,11,0,0,0,1
2,0,1,2,3,8,17,6,7,3,0,6,0,0,0,0,1,0,0,3,0,0,5,2,0,28,0,0,0,1,9,1,0,0,1,4,0,29,0,2,0,0,3,0,0,3,80,2,0,5,1,16,0,2,0,1,9,0,0,4,3,0,0,0,0,0,25,0,0,30,4,4,0,18,0,1,0,1,2,7,2,31,2,1,0,1,0,5,0,0,6,5,0,0,0,9,0,0,0,0
0,0,0,0,0,1,2,0,0,0,0,0,0,0,0,0,0,0,0,0,0,0,0,1,0,0,0,0,0,0,0,0,0,0,0,0,0,2,0,0,0,0,0,0,0,0,8,0,0,0,0,0,0,0,0,1,0,0,0,0,1,0,0,0,0,0,2,0,0,2,0,1,0,0,0,0,0,0,0,0,1,0,0,0,0,1,0,0,0,0,0,1,0,0,0,1,0,0,0,0
4,0,4,2,0,0,3,0,15,29,0,1,0,0,0,0,0,0,0,0,0,0,1,1,0,4,0,0,0,0,16,3,0,0,0,10,0,6,0,1,0,0,0,0,0,6,0,3,0,0,0,2,0,0,1,11,2,0,0,28,0,0,0,0,1,2,6,0,0,2,0,1,0,8,0,0,0,0,0,0,0,4,0,1,0,1,0,0,0,0,0,0,0,0,0,2,0,0,0,0
0,17,0,0,5,0,0,1,0,0,0,0,19,1,0,0,8,26,6,1,1,9,1,0,8,1,0,42,4,0,0,0,39,0,0,0,0,0,63,0,9,0,3,2,1,0,0,0,1,2,0,1,0,1,0,0,0,0,0,0,0,2,0,0,0,0,0,0,96,1,1,0,5,0,0,0,2,23,3,1,2,0,0,1,1,5,2,0,2,0,0,1,2,0,2,0,15,2,0,4
8,0,8,7,0,6,9,0,37,74,0,2,0,0,0,0,0,0,1,0,0,0,0,6,0,14,0,0,0,0,48,4,0,2,2,33,0,19,0,8,0,0,0,0,0,6,8,4,0,0,0,4,0,0,0,29,10,0,1,98,0,0,0,0,0,3,15,0,0,3,0,0,0,41,0,0,0,0,0,1,1,9,1,1,0,0,0,2,0,0,0,0,0,1,0,11,0,0,0,0
0,3,0,0,0,0,0,0,0,0,0,0,0,0,0,0,2,3,3,0,1,0,0,0,0,0,0,9,1,0,0,0,6,0,0,0,0,0,14,0,1,0,0,0,0,0,0,0,0,0,0,0,0,0,0,0,0,0,0,0,0,0,0,0,0,0,0,0,20,0,1,0,1,0,0,0,2,5,0,0,0,0,0,0,0,0,1,0,2,0,0,1,1,0,0,0,3,0,0,0
0,0,0,0,1,0,0,0,0,0,0,0,0,0,0,0,0,0,0,0,0,0,0,0,0,0,0,0,0,0,0,0,1,0,0,0,0,0,0,0,0,0,0,0,0,0,0,0,0,0,0,0,0,0,0,0,0,0,0,0,0,0,0,0,0,0,0,0,0,0,0,0,0,0,0,0,0,0,0,0,0,0,0,0,0,1,0,0,1,0,0,0,0,0,0,0,0,0,0,0
0,0,2,3,0,5,14,10,7,15,0,6,0,0,1,0,0,0,0,2,0,0,2,2,0,7,0,0,0,0,2,1,0,0,2,4,0,25,0,2,0,0,3,0,2,11,78,2,1,6,8,19,0,2,0,5,3,0,0,6,2,0,0,0,2,1,23,1,0,31,1,7,0,22,0,0,0,1,1,3,4,32,2,3,0,1,0,9,0,0,10,3,2,0,2,13,0,0,5,0
0,13,0,0,4,0,0,0,0,0,0,1,15,0,0,0,4,24,11,1,1,10,2,0,2,0,0,33,2,0,0,0,33,0,0,0,0,0,66,0,8,0,0,0,6,0,0,0,1,2,0,1,0,3,0,0,0,1,0,0,0,2,0,0,2,0,0,1,111,0,2,0,3,0,0,0,4,21,2,0,0,1,0,3,0,2,8,0,5,1,0,0,6,0,3,0,25,1,1,3
15,0,10,15,0,5,19,1,48,102,1,0,0,0,1,2,0,0,0,0,0,0,0,6,0,15,0,0,0,0,68,7,0,3,3,53,0,31,0,16,0,0,0,0,0,10,11,8,0,0,1,6,0,0,2,44,10,1,0,155,0,0,0,1,0,8,22,0,0,12,1,3,0,49,0,0,0,0,0,2,3,14,0,0,0,0,0,1,0,0,1,1,1,1,0,27,0,0,0,0
0,6,0,1,15,3,3,26,1,0,0,34,1,0,0,0,2,1,1,176,0,0,77,0,5,2,0,1,1,0,1,0,2,0,0,1,0,4,0,0,11,0,91,0,1,3,4,0,22,17,27,5,0,40,0,1,2,0,0,0,19,0,0,1,0,0,3,0,1,7,1,20,28,3,0,0,1,8,2,7,0,4,63,8,0,18,0,7,1,0,28,31,7,0,30,0,1,0,4,0
3,0,3,1,0,0,2,1,5,14,0,0,0,0,0,0,0,0,0,0,0,0,0,0,0,1,0,0,0,0,12,3,0,2,0,8,0,2,0,4,0,0,1,0,0,5,4,2,0,0,0,0,0,0,0,3,1,0,0,19,0,0,0,0,0,1,2,0,0,0,0,0,0,9,0,0,0,0,0,0,0,4,0,0,0,0,0,0,0,0,0,0,0,0,0,6,0,0,1,0
0,2,0,0,2,0,5,14,1,2,0,7,0,0,0,0,1,1,3,96,0,0,47,0,4,1,0,4,0,0,2,0,4,0,0,0,0,1,1,0,7,0,48,0,2,1,5,0,18,1,13,2,0,24,0,1,0,1,0,1,13,0,0,0,0,1,0,1,0,1,1,14,12,1,0,0,0,2,0,1,2,1,25,3,0,13,0,5,1,0,11,13,4,0,19,0,2,0,4,0
0,1,0,0,4,1,2,18,0,0,0,20,0,0,0,0,2,0,4,94,0,0,54,0,3,1,0,0,0,0,0,0,3,1,0,0,0,0,0,0,3,0,72,0,1,0,1,0,16,2,12,1,0,28,0,0,1,0,0,1,21,0,0,0,0,0,3,0,0,5,0,10,10,0,0,0,0,4,1,4,2,0,45,2,0,10,0,9,1,0,19,13,10,1,17,1,0,0,1,0
10,0,13,19,0,4,17,0,32,105,0,2,0,0,0,1,0,0,0,0,0,0,2,6,0,10,0,0,0,0,63,11,0,3,1,68,0,25,0,14,0,0,0,0,1,12,11,11,0,3,1,5,0,1,2,40,12,0,0,152,1,0,0,0,0,4,18,1,0,6,1,0,0,40,0,1,0,0,0,0,2,19,1,0,0,0,0,3,0,0,2,0,0,0,0,22,0,0,1,0
5,0,11,12,0,5,14,1,35,78,0,3,0,0,1,0,0,0,0,0,0,0,0,10,0,17,0,0,0,3,67,8,0,5,1,82,0,28,0,10,0,0,0,0,0,16,10,10,0,1,1,5,1,0,0,30,9,0,1,123,0,0,0,0,0,7,18,0,0,8,1,0,0,35,0,0,1,0,0,1,3,16,0,1,0,0,0,2,0,0,2,0,0,0,0,14,0,0,0,0
1,0,1,4,0,4,8,6,2,8,0,10,0,0,0,0,0,0,0,3,0,0,3,0,0,13,0,1,0,0,9,0,0,3,0,6,0,15,0,2,0,0,2,0,0,6,41,1,0,5,3,7,0,2,0,4,3,0,0,2,2,0,0,0,0,1,13,0,1,23,2,1,1,17,0,0,0,0,0,6,6,33,1,5,0,1,0,3,0,0,2,0,1,1,0,5,0,0,2,0
0,0,0,0,8,0,0,0,0,0,0,1,1,0,0,0,0,1,0,1,0,0,0,0,1,0,0,1,0,0,0,0,1,0,0,0,0,0,0,0,1,0,0,0,0,0,0,0,0,1,0,0,0,0,0,0,0,0,0,0,1,0,0,0,0,0,0,0,1,0,0,0,0,0,0,0,0,0,0,0,0,0,0,0,0,2,0,0,0,0,0,0,8,0,1,0,0,0,1,0
0,16,0,0,7,0,0,0,0,0,0,1,19,2,0,0,11,33,16,0,2,7,0,0,4,1,0,40,6,0,0,0,61,0,0,0,1,0,82,0,9,1,2,5,6,0,0,1,0,4,0,0,0,1,0,0,0,0,0,0,3,0,1,0,1,0,0,0,182,0,1,0,7,0,2,0,5,36,4,1,0,0,2,3,0,8,6,0,4,1,0,2,11,0,2,0,42,0,1,6
0,5,2,0,4,4,1,11,0,0,0,9,0,0,0,0,2,0,3,96,0,0,31,0,5,0,0,3,0,0,0,1,2,2,0,1,0,0,1,1,7,0,54,0,0,1,6,0,19,12,13,5,0,20,0,0,1,0,0,1,9,0,0,0,0,0,1,0,2,1,0,8,15,0,0,0,0,4,1,4,1,0,39,2,0,6,0,3,0,0,11,19,4,0,17,0,0,0,1,1
12,0,12,10,0,4,13,1,33,67,0,2,0,0,1,0,0,0,0,0,0,0,0,8,0,20,0,0,0,0,54,9,0,2,0,56,0,17,0,11,0,0,0,0,2,4,12,6,0,0,1,8,0,0,1,25,4,0,1,137,0,0,0,0,1,2,15,0,0,9,1,2,0,37,0,1,0,0,1,0,0,23,0,0,0,0,0,2,0,0,1,0,0,0,0,23,0,0,0,0
0,6,0,0,2,0,0,0,0,0,0,0,13,0,0,0,7,28,11,1,0,8,0,0,0,0,0,26,3,0,0,0,45,0,0,0,0,0,50,0,8,0,1,2,0,0,0,0,1,0,0,0,0,0,0,0,0,1,0,0,2,0,0,1,0,0,0,1,124,0,1,0,3,0,0,0,5,16,4,0,0,0,0,1,0,4,5,0,5,0,0,1,5,0,1,0,13,1,0,2
0,0,0,0,26,0,1,0,0,0,0,0,2,0,0,0,1,1,1,0,0,1,0,0,0,0,0,2,0,0,0,0,2,0,0,0,0,0,2,0,6,0,2,0,2,1,0,0,0,3,0,0,0,6,1,0,0,3,0,0,6,1,0,1,2,0,0,0,3,0,5,0,3,0,0,0,1,7,2,3,2,0,0,1,0,10,3,0,2,0,1,4,14,1,4,1,0,0,5,1
1,1,4,4,1,8,37,10,6,12,0,12,0,0,0,0,0,0,0,2,0,0,4,2,0,18,0,0,0,0,8,1,1,2,0,4,0,41,0,2,0,0,1,0,2,17,120,2,0,5,6,16,0,3,2,4,12,0,0,8,12,0,0,0,0,1,42,1,0,51,2,8,0,28,0,0,0,0,1,7,10,51,3,5,0,1,0,7,0,0,13,6,2,1,1,25,1,0,3,0
0,2,0,0,3,4,1,14,1,1,0,6,0,0,0,0,1,2,5,103,0,0,51,0,4,2,0,4,0,0,0,0,0,2,0,0,0,0,1,0,6,0,53,1,0,1,4,1,18,11,12,3,0,27,1,0,2,0,0,0,22,0,0,0,0,0,0,0,1,6,3,8,19,1,0,0,0,4,2,3,1,1,30,3,0,10,1,5,1,0,18,20,7,0,32,1,1,0,3,0
10,0,7,7,0,4,8,3,41,89,0,0,0,0,1,1,0,0,0,0,0,0,0,6,0,16,0,0,0,0,69,7,0,3,2,55,0,14,0,9,0,0,0,0,0,7,10,7,0,0,1,5,0,0,0,41,7,0,1,134,0,0,0,0,0,6,20,0,0,6,2,1,0,25,0,0,0,0,0,1,2,14,1,1,0,0,0,2,0,0,3,1,0,1,0,31,0,0,1,0
9,0,7,5,0,1,5,1,23,62,0,2,0,0,0,0,0,0,1,0,0,0,0,8,0,8,0,0,0,1,40,2,0,0,0,34,0,16,0,12,0,0,0,0,0,13,7,3,0,0,0,2,0,0,0,21,4,0,0,83,0,0,0,0,0,5,13,0,0,6,0,2,0,30,0,1,0,0,0,0,1,13,0,1,0,0,0,2,0,0,0,0,1,0,0,15,0,0,0,0
0,0,0,0,2,1,0,3,0,0,0,3,0,0,0,0,0,1,0,22,0,0,7,0,2,0,0,0,0,0,0,0,0,0,0,0,0,0,0,0,2,0,11,0,0,0,0,0,0,1,5,0,0,3,0,0,0,0,0,0,0,0,0,0,0,0,1,0,1,0,0,3,3,1,0,0,0,2,0,1,0,1,6,0,0,0,0,0,0,0,3,1,0,0,7,0,0,0,0,0
3,0,2,2,1,6,35,14,7,11,0,17,0,0,0,1,0,1,0,3,0,0,3,1,0,16,0,0,0,0,9,0,0,7,0,4,0,54,0,2,0,0,3,0,2,13,119,1,1,9,3,22,0,5,0,4,17,0,0,8,6,0,0,2,1,0,41,1,0,51,2,16,0,33,0,0,0,1,1,16,3,66,5,2,1,2,0,5,1,1,15,8,0,0,1,20,0,0,2,0
0,5,0,0,59,0,0,0,0,0,3,8,0,1,0,1,2,0,4,3,1,2,1,0,2,1,0,5,0,0,0,0,3,0,0,0,0,0,2,0,24,1,4,2,2,0,0,0,5,16,1,3,0,13,1,1,0,0,0,0,12,0,0,2,0,0,0,1,4,0,2,2,3,0,0,0,2,21,4,4,5,2,1,13,0,35,2,0,2,0,2,2,43,1,2,0,1,0,11,0
0,0,0,0,1,0,2,1,0,0,0,0,0,0,0,0,0,0,2,26,0,0,8,0,1,1,0,0,0,0,0,0,0,0,0,0,0,0,0,0,1,0,8,0,1,0,0,0,1,1,3,0,0,6,0,0,0,0,0,0,1,0,0,0,0,0,0,0,0,0,0,3,0,0,0,0,0,0,0,0,0,0,4,1,0,0,0,1,0,0,3,4,0,0,3,1,1,0,1,0
14,0,13,8,0,2,18,1,39,82,0,0,0,0,2,2,0,0,0,1,0,0,1,17,0,14,0,0,0,2,92,6,0,2,2,84,0,21,0,10,0,0,0,0,0,12,11,11,0,1,2,6,0,0,3,43,10,0,0,197,1,1,0,0,0,7,23,0,0,9,1,1,0,37,0,0,0,0,0,1,1,18,0,0,0,0,0,3,0,0,0,0,0,0,0,24,0,0,0,0
0,7,0,0,147,0,0,3,0,0,3,14,4,0,0,0,2,5,11,6,0,4,7,0,3,0,0,15,2,0,0,0,20,0,0,0,2,1,7,0,56,0,18,4,22,3,5,0,7,24,3,3,1,36,2,0,0,2,0,0,22,0,0,2,1,1,0,1,10,1,12,0,6,1,0,0,2,43,14,9,7,1,1,30,0,81,8,0,13,0,5,15,123,1,9,1,3,4,19,2
4,0,16,17,2,7,18,2,41,89,1,1,0,0,2,1,0,0,0,1,0,0,1,11,0,18,0,0,0,0,98,6,0,5,1,78,0,23,0,14,0,0,0,0,0,14,12,6,0,0,1,4,0,2,4,39,8,0,0,165,1,0,0,0,0,3,21,1,0,8,2,0,0,61,0,3,0,0,1,2,3,20,0,1,0,0,0,2,0,0,1,1,0,1,0,27,0,0,1,0
0,0,1,1,1,6,12,4,2,11,0,6,0,0,0,0,0,0,0,4,0,0,4,0,0,8,0,0,0,0,5,1,0,1,1,0,0,22,0,0,0,0,1,1,1,5,69,0,0,4,3,5,0,1,0,1,3,0,0,6,5,0,0,0,0,0,17,0,0,31,0,4,0,12,0,0,0,0,0,7,4,27,0,0,0,1,0,5,0,0,7,3,1,1,0,11,0,0,2,0
0,4,0,0,2,0,0,0,0,0,0,0,4,0,0,0,2,5,5,0,2,0,1,0,1,0,0,8,0,0,0,0,8,0,0,0,0,0,9,0,2,0,0,0,1,0,0,0,0,0,0,0,0,0,0,0,0,0,0,0,0,0,0,0,0,0,0,0,22,0,0,0,0,0,0,0,0,5,3,1,0,0,0,0,0,1,2,0,2,0,0,1,1,0,1,0,4,0,1,1
8,0,15,15,0,6,10,2,46,82,0,2,0,0,2,0,0,0,0,0,0,0,1,6,0,11,1,0,0,0,77,4,0,4,2,68,0,20,0,7,0,0,0,0,0,16,19,7,0,4,2,5,0,0,2,31,3,0,0,147,1,0,0,0,0,2,16,1,0,8,0,0,0,45,0,1,0,0,0,2,1,20,0,3,0,0,0,1,0,0,2,1,0,0,0,27,0,0,2,0
0,4,0,0,27,0,0,0,0,0,0,5,2,0,0,0,3,0,4,0,0,0,0,0,0,0,0,0,1,0,1,0,4,0,0,0,0,0,3,0,15,0,2,0,3,0,0,0,2,5,0,2,0,16,0,0,0,1,0,0,7,1,0,1,1,0,1,1,3,0,1,0,1,0,0,0,1,8,11,1,1,1,2,9,0,19,3,0,2,0,0,2,36,0,4,0,0,0,9,0
1,5,0,0,153,1,0,3,0,0,0,15,5,0,0,1,0,3,12,11,1,1,6,0,8,1,0,11,2,0,0,0,17,0,0,0,0,1,4,0,77,0,15,3,15,1,1,0,9,18,3,2,0,35,0,1,0,1,0,0,23,1,0,2,3,0,1,4,10,2,10,1,10,1,0,0,1,36,10,17,6,2,1,24,0,78,9,1,11,0,0,17,128,1,5,1,3,2,30,3
0,0,0,0,0,0,2,2,1,2,0,0,0,0,0,0,0,0,0,1,0,0,2,0,0,5,0,0,0,0,2,0,0,1,0,2,0,6,0,0,0,0,0,0,0,1,8,0,0,1,4,1,0,0,0,0,0,0,0,0,1,0,0,0,0,0,6,0,0,4,0,0,1,0,0,0,0,0,0,1,0,7,0,0,0,0,0,0,0,0,3,0,0,0,1,2,0,0,0,0
0,1,0,0,5,2,2,21,0,1,0,22,0,0,0,0,3,0,5,142,0,0,78,0,7,3,0,3,0,0,2,0,2,3,0,1,0,1,0,0,12,0,65,0,0,0,7,0,23,14,19,3,0,27,0,0,1,0,0,0,17,0,0,0,0,0,2,0,0,8,4,9,17,2,0,0,1,8,3,6,0,0,45,4,0,14,1,7,1,0,24,30,9,0,22,1,2,1,3,0
0,14,0,0,4,0,0,0,0,0,0,2,13,1,0,0,6,18,5,1,1,3,0,0,6,0,0,18,0,0,0,0,24,0,0,0,0,0,31,0,8,1,0,3,1,0,0,0,3,4,0,0,0,0,0,0,0,0,0,0,1,0,0,0,0,0,0,0,96,0,0,0,4,0,0,0,1,11,1,0,0,0,0,0,0,1,3,0,3,0,0,2,3,0,1,0,14,1,0,2
10,0,14,17,0,9,7,3,48,87,0,2,0,0,1,1,0,0,0,1,0,0,1,14,0,20,0,0,0,1,75,9,0,3,2,88,0,28,0,15,0,0,0,0,0,14,14,8,1,2,1,7,0,1,1,41,10,0,1,176,2,0,0,0,1,5,20,0,0,12,0,1,1,54,0,2,0,0,0,1,2,22,1,2,0,1,0,5,1,0,1,2,0,0,0,28,0,0,1,0
0,3,0,0,87,0,0,0,0,0,0,4,1,0,0,0,1,1,7,4,0,2,0,0,3,1,0,4,0,0,1,0,6,0,0,0,0,0,4,0,29,1,4,4,7,0,3,0,4,24,2,3,0,27,1,0,0,3,0,0,23,2,0,0,2,0,1,2,3,0,6,0,7,0,0,1,0,23,3,6,1,0,1,11,0,49,3,0,7,0,1,5,70,2,5,0,2,0,13,0
4,0,4,5,0,1,10,0,37,61,0,1,0,0,0,1,0,0,0,0,0,0,2,3,0,16,0,0,0,0,60,1,0,0,0,52,0,19,0,8,0,0,0,0,0,8,7,5,0,1,0,6,0,0,0,28,8,0,0,109,0,0,0,0,0,3,17,0,0,9,0,3,0,33,0,1,0,0,0,2,4,16,0,0,0,1,0,1,0,0,1,0,0,0,0,25,0,0,0,0
1,2,0,2,7,6,2,6,1,0,0,11,0,0,0,0,3,0,4,99,0,0,59,0,4,1,0,2,0,0,0,0,2,0,1,0,0,0,1,0,3,0,47,0,1,2,4,0,14,9,13,2,0,23,1,0,3,0,0,1,14,0,0,0,0,0,2,0,0,2,0,15,19,1,0,0,0,3,1,3,1,0,30,3,0,8,0,4,3,0,20,14,5,0,19,2,0,0,1,0
0,0,2,3,2,4,4,1,2,2,0,5,0,0,0,0,0,0,0,2,0,0,1,1,0,5,0,0,0,0,2,1,0,0,0,0,0,13,0,0,0,1,0,0,0,2,27,0,0,3,2,5,0,2,0,0,5,0,0,1,1,0,0,0,0,0,6,0,0,16,1,0,0,4,0,1,0,0,0,2,6,17,1,0,0,1,0,0,0,0,1,2,2,0,0,2,0,0,3,0
0,3,0,0,7,1,2,24,0,0,0,19,1,0,0,0,1,0,1,139,0,0,59,0,2,2,0,4,0,0,0,0,1,3,0,1,0,0,0,0,11,0,69,0,2,2,4,0,21,8,15,3,0,31,0,0,1,0,0,0,17,0,0,0,1,0,3,0,0,8,1,16,17,0,0,0,0,7,2,2,3,1,44,4,0,20,0,6,0,0,22,25,13,0,19,3,0,1,4,0
0,6,0,0,10,7,4,15,0,0,0,20,0,0,0,0,1,2,6,135,0,0,65,0,7,0,0,0,0,0,0,1,3,1,0,0,0,3,1,0,11,0,81,2,0,1,6,0,27,9,17,1,0,24,0,0,2,0,0,0,16,1,0,1,0,0,4,1,2,3,0,27,17,3,0,0,1,3,0,3,2,4,47,8,0,9,0,9,1,0,20,22,9,1,22,0,5,0,3,1
0,10,0,0,123,0,0,3,0,0,0,20,2,0,0,1,6,7,17,5,0,5,3,1,4,2,0,8,0,0,0,0,19,0,0,0,0,0,14,0,47,0,11,6,15,1,1,0,7,18,1,10,1,27,1,0,0,0,0,0,15,0,0,3,2,0,2,0,11,1,15,0,11,0,1,0,5,37,23,10,6,2,7,23,0,78,1,0,15,0,2,20,133,0,9,1,5,2,32,0
0,0,0,0,41,1,0,1,0,0,0,5,0,0,0,0,1,2,4,3,0,0,1,0,0,3,0,4,0,0,0,0,5,0,0,0,0,0,2,0,13,1,4,4,5,0,3,0,4,5,1,2,0,19,0,1,0,0,0,0,7,0,0,0,0,0,0,2,3,1,5,1,7,0,0,1,2,8,3,4,2,0,2,8,1,26,3,1,3,0,0,6,36,0,2,0,1,1,8,0
0,0,5,3,0,12,28,10,7,9,0,13,0,0,0,1,0,0,0,1,0,0,2,0,0,21,0,0,0,0,7,1,0,1,2,4,1,38,0,0,0,0,3,0,0,11,79,1,0,1,9,11,0,2,2,0,8,0,0,5,7,0,0,0,1,0,20,1,0,43,2,11,0,29,0,2,0,0,0,4,2,46,1,2,0,0,0,2,0,0,5,4,1,1,1,15,0,0,2,0
1,0,4,2,1,3,13,2,3,5,0,8,0,0,0,1,0,0,0,3,0,0,0,0,0,8,0,0,0,0,3,0,1,2,1,3,0,11,1,0,0,0,0,1,1,7,35,1,2,1,3,5,0,2,0,3,7,0,0,3,5,0,0,0,0,2,17,0,0,19,0,4,1,14,0,1,0,0,0,6,4,25,1,0,0,0,0,5,1,0,6,1,1,0,1,5,0,0,1,0
0,0,1,1,0,0,2,0,0,1,0,0,0,0,0,0,0,0,0,0,0,0,0,0,0,2,0,0,0,0,1,0,0,0,0,1,1,1,0,0,1,0,0,0,0,0,4,0,0,1,0,0,0,0,0,0,0,0,0,0,1,0,0,0,0,0,0,0,0,4,0,0,0,1,0,0,0,0,0,1,2,4,0,0,0,0,0,0,0,0,0,0,0,0,0,0,0,0,1,0
2,0,4,6,2,12,34,14,6,20,0,13,0,0,1,0,1,0,1,3,0,0,4,2,0,12,2,0,0,0,16,0,0,2,0,5,0,46,0,0,0,0,3,0,3,11,122,1,0,5,6,18,0,6,1,5,12,0,0,8,5,0,0,0,0,3,26,0,0,61,1,13,1,33,0,1,0,0,1,5,7,48,4,1,0,1,0,7,0,0,7,5,4,2,0,17,0,0,1,0
0,0,1,0,1,0,0,2,2,3,0,3,0,0,0,0,0,0,0,0,0,0,0,0,0,1,0,0,0,1,2,0,0,0,0,0,0,7,0,1,0,0,0,0,0,0,5,0,0,0,1,1,0,1,0,1,1,0,0,0,2,0,0,0,0,0,3,0,0,3,0,0,0,2,0,0,0,0,0,1,0,3,0,0,0,0,0,1,0,0,1,0,1,1,0,1,0,0,0,0
0,0,0,0,0,0,0,0,0,0,0,0,0,0,0,0,0,0,1,4,0,0,3,0,0,0,0,0,0,0,0,0,0,0,0,0,0,0,0,0,0,0,0,0,0,0,0,0,1,0,0,0,0,2,0,0,0,0,0,0,2,0,0,0,0,0,0,0,0,0,1,1,0,0,0,0,0,0,0,1,0,0,0,0,0,0,0,0,0,0,0,0,0,0,1,0,0,0,0,0
0,0,0,0,9,0,0,1,0,0,0,1,1,0,0,0,0,0,1,1,0,0,2,0,0,1,0,1,1,0,0,0,0,0,0,0,0,1,0,0,4,0,0,1,1,0,0,0,2,0,0,1,0,2,0,0,0,0,0,0,1,0,0,0,0,0,0,0,1,0,1,0,0,0,0,1,1,3,0,1,0,0,0,2,0,3,0,0,1,0,1,3,9,0,0,0,0,1,4,0
8,0,3,10,1,0,5,1,26,42,0,0,0,0,1,0,0,0,0,0,0,0,0,2,0,7,0,0,0,0,28,3,0,2,0,24,0,14,0,2,0,0,0,0,0,3,5,7,0,1,0,4,0,0,4,20,2,0,0,76,0,0,0,0,0,1,8,0,0,1,0,2,0,34,0,1,1,0,0,1,1,12,0,1,0,1,0,1,0,0,2,1,1,0,0,10,0,0,0,0
0,8,0,0,3,0,0,0,0,0,0,1,9,0,0,0,7,27,8,0,2,5,0,0,3,0,0,26,1,0,0,0,32,0,0,0,0,0,55,0,13,0,1,0,1,0,0,0,1,0,0,0,0,3,0,0,0,1,0,0,1,2,0,0,0,0,0,0,91,0,1,0,1,0,0,0,0,15,1,1,0,0,1,0,0,7,7,0,4,0,0,2,6,1,1,0,14,0,1,3
0,2,0,0,9,5,2,18,1,2,0,14,0,0,0,0,1,1,2,112,0,1,34,0,3,1,0,0,0,0,0,0,0,1,0,0,0,1,0,0,6,0,56,0,1,0,3,0,12,12,20,1,0,20,0,1,3,0,0,1,14,0,0,0,0,0,0,1,1,4,3,12,20,0,0,0,0,4,1,4,0,2,29,3,0,8,0,5,0,0,10,15,6,0,26,2,1,0,1,0
7,0,8,12,0,2,12,2,33,73,1,3,0,0,2,1,0,0,0,1,0,0,1,9,0,17,0,0,0,1,62,10,0,3,2,68,0,30,0,9,0,0,1,0,0,10,22,9,1,1,0,3,0,0,2,29,9,0,1,155,1,0,0,1,0,4,23,0,0,6,2,0,0,57,0,0,0,0,1,3,3,18,1,1,0,0,0,6,0,0,1,0,1,1,0,24,0,0,0,0
1,0,1,0,0,3,7,1,1,3,0,1,0,0,1,0,0,0,0,0,0,0,0,0,0,2,0,0,0,0,1,0,0,0,0,1,1,9,0,0,1,0,1,0,0,2,13,0,0,2,0,2,0,0,0,2,1,0,0,0,0,0,0,0,0,1,4,0,0,4,1,1,0,3,0,0,0,0,0,2,1,5,0,1,0,1,0,0,0,0,2,2,1,0,0,2,0,0,1,0
0,2,0,0,5,1,4,15,0,0,0,9,0,0,0,0,0,2,1,77,0,0,32,0,2,1,0,3,0,0,1,0,2,0,0,0,0,2,0,1,7,0,42,0,1,0,1,0,9,5,12,4,0,10,0,0,3,0,0,0,5,0,0,0,1,0,1,0,0,5,1,10,12,0,0,0,1,3,0,4,1,2,38,4,0,9,0,4,1,0,11,14,7,0,18,0,4,0,2,0
4,0,9,6,0,4,8,1,27,60,0,1,0,0,0,0,0,0,0,0,0,0,0,6,0,12,0,0,0,0,59,5,0,3,2,40,0,26,0,10,1,0,0,0,0,3,12,5,0,1,0,4,0,0,1,26,6,0,1,100,1,0,0,0,0,6,11,0,0,4,0,1,0,28,0,0,0,0,0,1,2,9,0,0,0,0,0,0,1,0,1,0,0,0,0,15,0,0,1,0
0,1,0,0,1,0,0,0,0,0,0,0,0,0,0,0,0,1,1,0,0,0,0,0,0,0,0,0,0,0,0,0,0,0,0,0,0,0,0,0,0,0,0,0,0,0,0,0,0,0,0,0,0,0,0,0,0,0,0,0,0,0,0,0,0,0,0,0,2,0,0,0,0,0,0,0,0,0,0,0,0,0,0,0,0,0,0,0,0,0,0,0,0,0,0,0,0,0,0,1
5,0,8,5,0,3,3,1,22,42,0,1,0,0,0,1,0,0,0,0,0,0,1,2,0,9,0,0,0,0,43,4,0,0,2,31,0,6,0,2,0,0,0,0,0,6,1,2,0,0,1,4,0,0,0,13,4,0,0,66,0,0,0,0,0,3,10,0,0,3,0,2,1,9,0,2,0,0,0,0,2,5,0,2,0,0,0,1,0,0,3,1,0,1,0,10,0,0,0,0
0,30,0,0,13,0,0,0,0,0,0,0,24,1,1,0,16,42,25,4,2,13,0,0,7,1,0,75,10,0,0,0,76,0,0,0,0,0,105,0,23,0,1,5,6,0,0,0,6,2,0,1,0,2,0,0,0,0,0,0,3,2,1,0,3,0,0,1,231,0,1,0,5,0,0,2,7,37,4,3,1,0,1,1,2,10,18,0,9,0,0,1,14,0,2,0,29,3,3,5
0,2,1,0,23,0,0,0,0,1,0,2,0,0,0,0,0,0,0,0,0,1,0,0,0,0,0,2,0,1,0,0,0,0,0,0,0,0,1,0,8,0,2,0,2,0,0,0,3,3,1,0,0,7,0,0,0,0,0,0,6,1,0,1,0,0,1,0,1,0,3,0,3,0,0,0,1,7,4,3,1,0,0,4,0,10,0,0,2,0,0,2,16,0,0,0,0,1,6,0
2,0,7,4,0,1,8,0,18,41,0,1,0,0,0,0,0,0,0,0,0,0,1,7,0,6,0,0,0,0,34,1,0,2,1,25,0,8,0,5,0,0,0,0,0,8,5,0,0,0,2,3,0,1,1,20,7,0,0,80,1,0,0,0,0,4,10,0,0,6,1,0,0,18,0,0,0,0,0,0,0,11,0,0,0,0,1,0,0,0,0,0,1,2,0,6,0,0,0,0
9,0,10,8,0,3,12,1,44,74,1,3,0,0,1,1,0,0,0,0,0,0,1,10,0,28,0,0,0,0,61,3,0,1,3,48,0,27,0,7,0,0,0,0,0,11,12,8,0,0,3,5,0,1,1,31,4,0,0,156,2,0,0,0,0,5,23,1,0,12,1,2,0,36,0,0,0,0,0,0,2,15,0,1,0,0,0,3,0,0,1,1,1,2,0,18,0,0,0,0
11,0,11,6,0,7,7,1,27,73,1,0,0,0,1,0,0,0,0,0,0,0,0,6,0,9,0,0,0,1,56,8,0,2,1,58,1,22,0,19,0,0,0,1,1,13,8,5,0,0,0,5,0,0,2,23,7,0,1,113,1,0,0,0,0,6,15,0,0,10,0,0,0,32,0,0,0,0,0,1,1,17,0,1,0,1,0,0,0,0,3,1,0,0,0,27,0,0,0,0
0,2,1,2,7,3,3,19,0,0,0,17,0,0,0,0,2,1,7,160,0,0,71,0,3,1,0,4,0,0,0,0,2,0,0,0,0,1,0,0,7,0,74,0,1,0,5,1,19,15,21,3,0,31,0,0,3,0,0,2,15,0,0,0,0,0,2,0,1,3,0,26,23,1,0,0,0,5,0,4,0,2,56,2,0,19,0,6,1,0,23,33,10,0,33,1,1,0,2,0
0,0,1,0,0,0,2,0,0,0,0,0,0,0,0,0,0,0,0,1,0,0,0,0,0,2,0,0,0,0,0,0,0,0,0,0,0,1,0,1,0,0,0,0,0,1,4,0,0,0,0,0,0,1,0,0,0,0,0,0,0,0,0,0,0,0,1,0,0,0,0,0,0,2,0,0,0,0,0,1,0,0,0,0,0,1,0,0,0,0,0,0,0,0,0,1,0,0,0,0
1,7,1,0,110,1,0,0,1,0,0,11,2,0,0,0,0,0,7,3,0,6,2,0,4,1,0,10,1,0,1,0,12,0,2,0,0,1,5,0,35,0,10,2,18,0,0,0,2,19,2,5,0,29,0,1,0,0,0,0,11,0,0,0,3,1,1,3,6,0,8,1,8,0,1,0,5,31,8,11,6,0,1,14,0,43,3,0,9,0,2,10,76,4,4,1,4,0,13,1
0,15,0,1,11,0,1,0,0,0,0,1,15,1,0,0,5,29,15,0,3,8,2,0,5,0,0,26,3,0,0,0,32,0,0,0,0,0,58,0,10,1,1,3,2,0,0,0,3,2,0,1,0,2,0,0,0,0,0,0,0,0,0,0,0,0,0,0,141,0,3,0,1,0,1,0,3,15,4,0,2,0,0,1,0,4,6,0,1,0,0,0,11,0,0,0,17,2,2,3
0,13,0,0,13,0,0,0,0,0,0,1,18,1,0,1,13,36,11,1,3,10,0,0,7,0,0,38,3,0,0,0,49,0,0,0,0,0,83,0,10,1,2,3,7,1,0,0,5,1,1,0,0,3,0,0,0,1,0,0,1,1,0,0,0,0,0,2,171,0,2,0,4,0,1,0,1,18,6,2,1,0,0,6,0,11,6,0,5,2,0,1,7,0,4,0,18,2,2,1
11,0,6,12,1,3,7,0,21,57,0,0,0,0,1,1,0,0,0,1,0,0,0,6,0,13,0,0,0,0,32,6,0,2,1,50,0,6,0,11,0,0,0,0,1,7,14,1,0,0,1,6,0,1,0,20,5,0,1,76,0,0,0,0,0,1,9,0,0,4,0,2,0,22,0,1,0,0,0,0,3,13,0,0,0,0,0,0,0,0,1,1,0,0,1,19,0,0,0,0
0,3,0,0,3,0,0,0,0,0,0,1,1,1,0,0,4,9,3,0,1,2,0,0,0,0,0,10,2,0,0,0,8,0,0,0,0,0,15,0,4,0,1,0,0,0,0,0,0,0,0,0,0,1,0,0,0,0,0,0,0,0,0,0,0,0,0,0,29,0,0,0,0,0,0,0,1,4,0,0,0,0,0,0,0,4,3,0,1,1,0,0,0,0,1,0,4,2,1,2
1,13,0,0,143,0,1,0,0,0,0,11,6,1,0,0,2,3,11,8,3,10,4,0,6,0,0,8,0,0,0,1,19,0,4,0,0,1,8,1,45,1,12,1,20,1,2,0,10,23,1,6,0,32,2,0,0,0,0,0,22,1,0,2,3,0,1,2,5,3,17,1,5,0,0,1,2,31,10,13,6,1,3,25,0,78,3,0,7,1,2,19,114,1,7,0,4,1,25,5
5,0,8,11,2,4,11,0,48,99,0,2,0,0,1,0,0,0,0,0,0,0,0,5,0,13,1,0,0,0,54,6,0,3,1,50,0,25,0,16,0,0,0,0,1,14,5,5,0,0,2,4,0,1,1,37,5,0,0,114,0,0,0,0,0,5,11,1,0,8,0,1,0,36,0,0,0,1,0,2,3,13,1,0,0,0,1,0,0,0,1,1,2,0,1,14,0,0,0,0
0,1,0,0,3,0,1,12,0,0,0,6,0,0,0,0,1,0,3,60,0,0,31,0,2,0,0,0,0,0,0,0,2,1,0,0,0,0,0,0,4,0,36,0,1,0,1,0,6,7,11,0,0,12,0,0,1,0,0,0,8,0,0,0,0,0,1,0,0,4,0,7,10,0,0,0,0,1,1,3,0,1,20,0,0,5,0,5,0,0,8,8,2,1,16,0,0,0,1,0
1,0,3,3,1,3,22,11,4,13,0,10,0,0,0,1,0,0,0,6,0,0,3,2,0,10,0,0,0,0,8,1,0,5,0,1,0,27,0,2,1,0,1,0,3,8,88,1,0,2,3,12,0,2,0,4,5,0,1,9,6,0,0,0,0,2,21,1,0,23,1,5,2,18,0,1,1,0,0,5,5,44,1,4,0,0,0,5,0,0,6,9,0,0,1,15,0,0,2,0
4,0,7,5,0,1,9,0,24,38,0,0,0,0,0,1,0,0,0,0,0,0,1,11,0,9,0,0,0,1,39,3,0,2,2,46,0,19,0,3,0,0,0,0,0,9,5,4,0,1,0,4,0,1,2,22,8,0,1,88,0,1,0,0,0,6,16,0,0,2,0,0,0,23,0,0,0,0,0,0,2,10,1,1,0,0,0,0,0,0,1,0,0,0,0,19,0,0,0,0
6,0,11,13,0,3,6,1,36,85,0,2,0,0,0,2,0,0,0,0,0,0,1,7,0,16,0,0,0,2,63,14,0,1,2,75,1,17,0,6,1,0,0,0,0,12,6,6,0,0,2,2,1,0,1,29,8,2,1,139,0,0,0,0,0,5,13,0,0,7,0,3,0,36,0,0,0,0,0,0,5,16,1,0,0,0,0,1,0,0,2,1,1,1,0,19,0,0,1,0
9,0,11,6,0,0,7,1,32,73,0,2,0,0,0,1,0,0,0,0,0,0,0,7,0,7,0,0,0,0,56,7,0,4,0,39,1,25,0,9,0,0,0,0,0,8,12,9,1,1,2,2,1,0,0,26,6,0,0,121,0,0,0,0,0,2,6,1,0,5,0,1,0,37,0,2,0,0,0,1,2,16,0,2,0,0,0,3,0,0,1,0,0,0,0,18,0,0,0,0
0,7,0,1,131,0,1,2,2,0,0,14,4,0,0,0,0,4,11,6,0,6,4,0,0,3,0,10,1,0,2,0,21,1,1,1,0,0,9,1,45,0,11,8,20,1,0,0,7,26,1,3,0,19,1,0,0,2,0,0,10,2,0,1,2,1,2,2,9,0,7,1,17,5,0,3,2,42,15,11,2,1,2,27,0,52,5,1,18,0,3,19,115,2,10,3,3,1,19,2
2,0,2,2,0,2,4,1,18,27,0,0,0,0,0,0,0,0,0,0,0,0,0,3,0,8,0,0,0,0,29,2,0,1,0,29,0,7,0,3,0,0,0,0,0,6,6,3,0,1,1,3,0,0,0,18,1,0,0,66,0,0,0,0,0,3,7,0,0,3,1,0,0,18,0,0,0,0,0,0,2,9,0,3,0,0,0,1,0,0,0,1,1,1,0,2,0,0,2,0
0,10,0,0,0,0,0,0,0,0,0,1,12,1,0,0,4,14,6,0,1,1,0,0,2,0,0,9,1,0,0,0,13,0,0,0,0,0,22,0,10,0,0,0,2,0,0,0,1,0,0,0,0,0,0,0,0,0,0,0,0,0,0,0,0,0,0,0,56,0,1,0,1,0,0,0,2,7,0,0,0,0,0,1,0,3,3,0,3,0,0,0,4,0,1,0,11,1,1,3
8,1,10,9,0,2,7,0,34,79,0,1,0,0,0,0,0,0,0,0,0,0,2,9,0,13,0,0,0,0,49,5,0,1,0,57,0,19,0,6,1,0,0,0,0,12,5,7,1,1,4,6,0,0,0,35,14,0,1,130,3,0,0,0,0,2,17,0,0,10,1,1,1,40,0,0,1,0,0,0,3,15,0,0,0,0,0,0,0,0,1,0,0,0,0,21,0,0,0,0
4,0,4,7,0,1,4,0,22,71,0,0,0,0,0,0,0,0,0,1,0,0,0,7,0,8,0,0,0,0,44,6,0,3,0,32,0,16,0,7,0,0,0,0,0,6,4,8,0,1,2,2,0,0,0,18,7,0,0,62,0,0,0,0,0,3,10,0,0,7,0,1,0,26,0,0,0,0,1,2,1,15,0,1,0,1,0,0,0,0,1,0,0,0,0,5,0,0,3,0
0,0,0,0,0,1,2,3,2,1,0,3,0,0,0,0,0,0,0,2,0,0,0,0,0,1,0,0,0,0,2,0,0,1,0,2,0,6,0,0,0,0,0,0,1,0,16,0,0,1,1,1,0,0,0,1,1,0,0,0,1,0,0,0,0,0,4,0,0,4,0,0,0,2,0,0,0,0,0,2,2,8,0,0,0,0,0,0,0,0,0,1,0,0,0,3,0,0,0,0
